Date,Open_BIDU,Close_BIDU
1/4/16,181.2899933,184.0299988
1/5/16,186.7100067,187.3699951
1/6/16,185.0299988,185.6100006
1/7/16,176.3000031,174.3699951
1/8/16,177.5899963,171.3399963
1/11/16,172,170.3699951
1/12/16,172.3999939,172.9100037
1/13/16,174.25,166.0399933
1/14/16,166.3000031,172.2299957
1/15/16,163.7599945,163.9199982
1/19/16,167.5200043,166.0299988
1/20/16,161.0399933,164.9900055
1/21/16,165.9900055,169.5599976
1/22/16,173.5500031,171.1699982
1/25/16,171.1199951,167.5399933
1/26/16,166.6699982,167.0800018
1/27/16,167.0899963,158.2700043
1/28/16,161.8699951,156.9400024
1/29/16,159.2400055,163.2700043
2/1/16,160.2700043,161.1000061
2/2/16,162.1000061,154.8200073
2/3/16,155.8399963,153.0800018
2/4/16,154.1199951,152.5899963
2/5/16,151.8500061,145.3399963
2/8/16,142.4900055,145.0500031
2/9/16,142.5399933,140.6799927
2/10/16,142.7799988,143.7799988
2/11/16,140.6100006,141.2100067
2/12/16,148,152.7299957
2/16/16,158.5,157.5200043
2/17/16,159.9600067,163.5299988
2/18/16,165.2400055,160.6999969
2/19/16,160,164.4700012
2/22/16,166.5399933,168.6699982
2/23/16,167.1999969,161.0200043
2/24/16,159,162.75
2/25/16,160.0500031,158.2200012
2/26/16,175.2400055,173.8000031
2/29/16,172.1999969,173.4199982
3/1/16,175.6900024,180.1999969
3/2/16,181.8399963,176.9400024
3/3/16,177.0500031,177.3000031
3/4/16,178.9700012,178.5500031
3/7/16,178,177.1999969
3/8/16,175.0500031,172.8099976
3/9/16,173.5599976,176.5
3/10/16,177,176.0800018
3/11/16,176.4299927,182.9799957
3/14/16,182.5,182.0200043
3/15/16,180.7200012,180.2200012
3/16/16,179.0800018,183.0500031
3/17/16,183.7400055,183.4400024
3/18/16,184.8200073,187.9199982
3/21/16,187.8000031,187.1199951
3/22/16,185.2700043,188.3999939
3/23/16,187.6000061,183.8399963
3/24/16,181.4600067,184.8600006
3/28/16,185.3300018,185.1699982
3/29/16,185.4700012,189.8399963
3/30/16,191.0500031,189.8899994
3/31/16,189.4799957,190.8800049
4/1/16,188.7899933,190.3300018
4/4/16,190.3899994,188.9700012
4/5/16,187.6300049,183.8000031
4/6/16,183.5700073,186.8200073
4/7/16,185.7400055,182.5299988
4/8/16,184.6000061,183.9799957
4/11/16,185.7599945,185.0700073
4/12/16,186.0299988,187.3999939
4/13/16,191,193.9799957
4/14/16,194.9799957,195.7200012
4/15/16,195.3200073,193.2200012
4/18/16,191.9199982,192.9400024
4/19/16,193.4400024,194.5200043
4/20/16,193.5,193.6699982
4/21/16,194.0599976,192.7400055
4/22/16,190.0299988,190.7599945
4/25/16,190.9100037,188.0399933
4/26/16,188.6799927,188.25
4/27/16,187.5200043,187.9499969
4/28/16,187.3500061,186.0200043
4/29/16,189.5,194.3000031
5/2/16,185.3300018,178.9100037
5/3/16,175.8000031,174.3600006
5/4/16,172.0399933,177.2799988
5/5/16,177.6399994,175.2200012
5/6/16,173.9100037,173.9400024
5/9/16,165.8399963,169.4900055
5/10/16,170.75,166.2100067
5/11/16,165.8800049,163.0500031
5/12/16,164.0399933,161.2799988
5/13/16,160.6600037,159.75
5/16/16,161.9199982,167.9600067
5/17/16,168.5899963,171.0399933
5/18/16,169.75,169.4499969
5/19/16,168.75,168.5099945
5/20/16,169.4100037,170.0500031
5/23/16,170.6900024,169.7700043
5/24/16,171.5500031,175.9100037
5/25/16,176.9900055,176.7100067
5/26/16,176.1900024,177.6699982
5/27/16,178.2899933,185.0099945
5/31/16,185.1499939,178.5399933
6/1/16,176.5299988,176.5299988
6/2/16,177.1999969,175.6399994
6/3/16,176.6399994,173.7400055
6/6/16,174.7299957,174.6199951
6/7/16,175.8699951,170.8600006
6/8/16,172.0399933,168.7100067
6/9/16,168,168.9900055
6/10/16,166.5800018,164.2799988
6/13/16,161.0099945,163.5500031
6/14/16,159.2599945,160.8399963
6/15/16,161.6100006,161.0299988
6/16/16,160.5800018,165.5200043
6/17/16,165.4199982,162.6799927
6/20/16,165.5700073,166.5299988
6/21/16,167.4400024,162.8000031
6/22/16,162.4900055,162.2200012
6/23/16,163.5099945,163.9199982
6/24/16,158.8699951,159.1199951
6/27/16,158.2400055,156.9199982
6/28/16,160.1000061,160.4100037
6/29/16,163.1000061,164.4100037
6/30/16,165.0700073,165.1499939
7/1/16,165.2400055,165.1900024
7/5/16,164.4199982,161.8699951
7/6/16,160.9799957,161.5599976
7/7/16,162.5,163.4199982
7/8/16,159.2100067,159.8000031
7/11/16,160.6999969,167.0299988
7/12/16,169.8899994,164.9799957
7/13/16,165.3800049,164.1600037
7/14/16,166.6499939,164.8500061
7/15/16,164.8600006,162.7400055
7/18/16,162.7400055,164.7899933
7/19/16,162.8999939,161.1900024
7/20/16,161.2100067,160.6499939
7/21/16,161.4700012,161.3999939
7/22/16,162.0599976,160.8800049
7/25/16,159.3000031,160.25
7/26/16,159.8899994,164.0299988
7/27/16,164,165.5
7/28/16,166.8999939,165.6300049
7/29/16,161.0099945,159.6000061
8/1/16,159.8000031,163.2299957
8/2/16,162.1600037,160.75
8/3/16,161.1199951,162.2400055
8/4/16,162.7200012,162.5599976
8/5/16,163.5,167.3800049
8/8/16,167.1499939,166.4499969
8/9/16,165.8999939,165.5399933
8/10/16,166.4600067,165.6300049
8/11/16,168.1300049,167.7200012
8/12/16,167.5700073,167.9799957
8/15/16,169.2200012,172.9499969
8/16/16,173,173.3000031
8/17/16,173.9799957,172.7299957
8/18/16,173.0299988,175.3999939
8/19/16,175.2599945,177.5299988
8/22/16,177.8800049,173.8500061
8/23/16,174.2599945,173.4900055
8/24/16,174.0399933,171.4900055
8/25/16,171.6000061,172.8500061
8/26/16,172.8500061,173.4700012
8/29/16,173.8899994,173.6499939
8/30/16,174.2299957,175.4499969
8/31/16,172.2400055,171.0700073
9/1/16,171.8500061,176.5500031
9/2/16,178,177.7799988
9/6/16,181.6999969,189.0599976
9/7/16,189.3300018,189.1499939
9/8/16,189.0899963,187.5
9/9/16,186.4799957,182.1000061
9/12/16,178.0800018,184.1300049
9/13/16,182.7899933,181.8999939
9/14/16,182,182.1799927
9/15/16,182.8899994,186.5
9/16/16,186.2700043,185.0099945
9/19/16,186,184.7400055
9/20/16,186.6300049,186.3699951
9/21/16,187.8500061,196.0299988
9/22/16,197,195.4499969
9/23/16,193.2400055,191.7200012
9/26/16,189.5299988,188.8600006
9/27/16,189,190.8300018
9/28/16,186.7100067,187.7400055
9/29/16,186.6000061,182.2299957
9/30/16,183.9499969,182.0700073
10/3/16,182.8399963,183.5399933
10/4/16,184,184.0800018
10/5/16,185.8899994,184.1100006
10/6/16,183.75,181.5200043
10/7/16,182.2299957,179.8000031
10/10/16,181.1699982,181.4900055
10/11/16,181.1999969,177.0399933
10/12/16,177,175.4100037
10/13/16,173.3000031,174.6100006
10/14/16,176.4799957,175.5099945
10/17/16,175.1799927,175.1499939
10/18/16,177.9199982,175.6499939
10/19/16,177.5,176.1999969
10/20/16,175.75,175.1699982
10/21/16,174.8000031,176.7599945
10/24/16,178.7700043,180.8600006
10/25/16,181.9900055,176.6799927
10/26/16,175,172.8200073
10/27/16,173.4700012,175.1000061
10/28/16,180.7400055,179.5899963
10/31/16,178.1699982,176.8600006
11/1/16,176.75,173.4900055
11/2/16,173.5500031,168.7799988
11/3/16,168,168.5700073
11/4/16,166.4400024,167.6999969
11/7/16,171.3999939,171.5599976
11/8/16,171.6000061,170.9199982
11/9/16,166.5,168.6600037
11/10/16,168.9100037,163.4700012
11/11/16,162.3899994,162.9499969
11/14/16,160.6100006,161.7299957
11/15/16,163.9900055,164.4400024
11/16/16,164.2100067,166.7400055
11/17/16,167.5099945,166.2100067
11/18/16,165.9299927,164.3800049
11/21/16,165,165.6900024
11/22/16,167.5,164.4700012
11/23/16,163.3600006,163.6300049
11/25/16,165,164.4400024
11/28/16,165.1300049,167
11/29/16,166.0099945,169.1799927
11/30/16,169.9900055,166.9499969
12/1/16,167.5200043,163.0800018
12/2/16,162.9499969,161.6699982
12/5/16,161.7200012,164.3200073
12/6/16,165.0099945,165.1699982
12/7/16,165.5399933,169.3300018
12/8/16,168.9199982,167.75
12/9/16,168.4900055,170.8200073
12/12/16,168.6300049,168.4799957
12/13/16,169.3300018,171.4600067
12/14/16,170.8999939,169.8300018
12/15/16,169.2100067,165.7799988
12/16/16,166.4199982,164.9299927
12/19/16,164.4400024,163.6900024
12/20/16,164.2599945,165.2799988
12/21/16,165,163.9199982
12/22/16,163.2899933,162.8899994
12/23/16,163.2799988,163.6199951
12/27/16,163.6300049,164.7700043
12/28/16,165.1199951,165.5399933
12/29/16,165.6100006,166.5
12/30/16,166.7599945,164.4100037
1/3/17,166.3000031,168.3000031
1/4/17,169.7400055,171.9600067
1/5/17,172.6499939,177.4700012
1/6/17,176.2799988,176.3800049
1/9/17,178,177.1600037
1/10/17,179.8300018,180.3099976
1/11/17,179.5700073,179.3200073
1/12/17,178.8000031,177.5700073
1/13/17,178,176.4799957
1/17/17,175.5800018,176.9600067
1/18/17,178.5899963,176.5399933
1/19/17,176.8399963,176.0899963
1/20/17,175.3000031,173.4400024
1/23/17,173.9400024,175.9700012
1/24/17,177.6999969,176.0500031
1/25/17,177.3999939,176.6100006
1/26/17,177.6499939,174.9499969
1/27/17,175,174.1000061
1/30/17,173.1600037,174.7200012
1/31/17,173.6799927,175.0700073
2/1/17,176.7299957,173.8200073
2/2/17,173.5099945,173.3999939
2/3/17,174.9600067,175.1699982
2/6/17,175.7899933,177.8099976
2/7/17,179.5800018,178.1699982
2/8/17,179.1600037,181.5
2/9/17,181.2299957,181.5
2/10/17,182.5800018,183.9900055
2/13/17,184.5,184.3099976
2/14/17,184.0099945,182.7700043
2/15/17,183.6499939,183.5800018
2/16/17,183.6199951,184.9400024
2/17/17,183.9199982,185.1699982
2/21/17,185.2299957,185.6199951
2/22/17,185,186.0099945
2/23/17,187.8899994,184.6399994
2/24/17,181,175.1699982
2/27/17,175.1699982,172.9700012
2/28/17,172.8000031,174.1300049
3/1/17,176.4400024,175.3300018
3/2/17,175.3300018,174.4799957
3/3/17,174.5299988,173.7899933
3/6/17,174.1499939,173.3000031
3/7/17,172.7700043,173.7400055
3/8/17,173.8099976,173.8699951
3/9/17,174.0299988,173.3200073
3/10/17,173.5500031,172.7400055
3/13/17,172.8899994,173.25
3/14/17,173,172.8399963
3/15/17,173.0099945,172.0399933
3/16/17,173.5399933,176.5700073
3/17/17,176.8899994,176.6199951
3/20/17,177.1000061,176.1300049
3/21/17,177.5,171.3999939
3/22/17,169.8200073,169.5599976
3/23/17,168.75,169.6100006
3/24/17,170.3899994,168.2599945
3/27/17,166.2299957,168.9299927
3/28/17,168.9299927,169.7899933
3/29/17,170,170.6600037
3/30/17,171.7100067,172.3600006
3/31/17,171.4600067,172.5200043
4/3/17,173,175
4/4/17,174.7599945,175.1999969
4/5/17,175.3500061,172.9199982
4/6/17,173.8000031,173.3800049
4/7/17,173.6799927,172.4400024
4/10/17,172.3000031,174.2200012
4/11/17,173.9700012,173.0099945
4/12/17,172.4700012,173.6100006
4/13/17,173.5500031,172.6100006
4/17/17,172.6100006,173.3099976
4/18/17,173.3099976,174.4700012
4/19/17,175.6199951,177.8099976
4/20/17,178.9900055,178.6399994
4/21/17,180.3999939,178.0800018
4/24/17,180,180.0299988
4/25/17,182.8600006,186.9900055
4/26/17,187.8999939,186.6699982
4/27/17,187.8099976,187.8600006
4/28/17,181.0800018,180.2299957
5/1/17,180.4499969,180.0599976
5/2/17,180.1000061,178.6399994
5/3/17,179.0099945,177.3999939
5/4/17,177.8899994,176.7100067
5/5/17,176.3000031,178.0299988
5/8/17,178.5,177.4700012
5/9/17,178.8999939,182.9799957
5/10/17,182.3699951,183.5700073
5/11/17,183.5399933,186.6000061
5/12/17,186.25,186.8300018
5/15/17,187.0800018,186.1399994
5/16/17,186.8300018,190.6399994
5/17/17,187.9700012,186.0500031
5/18/17,182.6799927,182.4299927
5/19/17,183.1699982,188.7599945
5/22/17,190,191.6900024
5/23/17,192.6999969,191.8000031
5/24/17,191.0299988,190.6300049
5/25/17,191.2299957,191.9499969
5/26/17,192.7799988,190.3899994
5/30/17,190.9400024,189.8800049
5/31/17,189.9499969,186.1000061
6/1/17,186.1499939,187.2599945
6/2/17,188.6000061,187.6000061
6/5/17,188.7100067,187.3099976
6/6/17,186.7299957,185.75
6/7/17,186.2400055,187.5299988
6/8/17,191.6000061,185.75
6/9/17,186.0299988,181.0700073
6/12/17,180,180.0599976
6/13/17,181.5200043,179.1900024
6/14/17,180.6000061,178.1999969
6/15/17,176.1900024,176.3300018
6/16/17,176.4100037,173.8800049
6/19/17,176.3800049,176.9299927
6/20/17,177.6900024,177.8500061
6/21/17,179.1399994,180.1699982
6/22/17,179.25,179.3300018
6/23/17,180.3200073,178.1399994
6/26/17,180.5899963,178.4600067
6/27/17,178.5200043,175.6000061
6/28/17,177,178
6/29/17,177.5399933,179.6300049
6/30/17,180.4400024,178.8600006
7/3/17,179.8999939,179.9700012
7/5/17,186.3699951,183.8300018
7/6/17,183.8800049,181.7899933
7/7/17,181.7899933,181.3999939
7/10/17,182.3099976,182.9299927
7/11/17,183.1999969,184.4100037
7/12/17,185.8099976,186.7599945
7/13/17,187.4700012,186.9199982
7/14/17,187.9900055,188.5500031
7/17/17,189.1199951,188.2299957
7/18/17,187.2299957,189.5099945
7/19/17,190.8000031,190.9100037
7/20/17,192.2599945,191.3200073
7/21/17,190.9600067,193.1799927
7/24/17,193.9799957,198.6499939
7/25/17,198.5,197.0500031
7/26/17,196.8500061,201.1699982
7/27/17,204.0099945,201
7/28/17,211.0099945,220
7/31/17,223.5899963,226.3500061
8/1/17,227.1399994,225.6000061
8/2/17,224.1199951,221.9600067
8/3/17,221,227.3899994
8/4/17,227.2799988,226.0500031
8/7/17,225.6000061,227.1600037
8/8/17,226.6000061,229.4499969
8/9/17,227.1900024,230.3000031
8/10/17,227.5,222.5700073
8/11/17,218.6000061,223.4900055
8/14/17,223.5099945,223.6900024
8/15/17,226.1000061,225.3300018
8/16/17,228,226.1399994
8/17/17,226.4199982,221.0500031
8/18/17,220.7700043,220.6900024
8/21/17,223.5,222.4799957
8/22/17,224.4900055,226.1100006
8/23/17,224.8500061,224.9900055
8/24/17,226.1199951,224.8600006
8/25/17,224.9600067,225.5500031
8/28/17,225.9199982,219.9900055
8/29/17,216,220.6900024
8/30/17,221.8000031,223.8800049
8/31/17,224,228.0500031
9/1/17,228.2599945,232.6399994
9/5/17,231.2899933,225.3000031
9/6/17,226,226.9700012
9/7/17,226,233.1799927
9/8/17,232.7799988,229.2299957
9/11/17,232.3899994,233.5
9/12/17,234.9499969,237.6000061
9/13/17,237.5700073,236.4100037
9/14/17,235,237.3300018
9/15/17,237.8699951,235.2100067
9/18/17,236.7899933,239.0700073
9/19/17,239.0299988,237.8500061
9/20/17,238.5,237.9600067
9/21/17,239.2100067,238.9199982
9/22/17,237.8200073,240.5700073
9/25/17,239.8699951,234.4900055
9/26/17,236.2899933,236.1900024
9/27/17,240.0200043,239.8200073
9/28/17,238.4700012,241.2799988
9/29/17,242.0299988,247.6900024
10/2/17,248.6199951,248.6699982
10/3/17,250,247
10/4/17,246.2599945,243.9700012
10/5/17,246.4900055,245.2700043
10/6/17,244.8300018,247.6900024
10/9/17,248.1600037,252.2200012
10/10/17,254.3600006,262.4100037
10/11/17,261.0599976,260.3200073
10/12/17,259.5299988,259.3299866
10/13/17,260.1099854,262.6799927
10/16/17,264.980011,272.8200073
10/17/17,273.7000122,270.3200073
10/18/17,271.1000061,268.9700012
10/19/17,262.2600098,264.519989
10/20/17,268.3999939,264.8999939
10/23/17,266.1000061,266.1300049
10/24/17,266.2000122,264
10/25/17,264.6799927,263.0400085
10/26/17,262.0599976,260.6199951
10/27/17,241.8200073,239.3699951
10/30/17,240.9600067,236.4199982
10/31/17,238,243.9400024
11/1/17,247.7100067,245.4299927
11/2/17,246.3699951,242.0899963
11/3/17,242.6499939,241.5399933
11/6/17,242.7100067,244.5299988
11/7/17,246.6199951,243.4700012
11/8/17,243.6300049,241.1799927
11/9/17,237.9900055,240.0599976
11/10/17,239.5800018,237.3999939
11/13/17,234.6900024,237.3699951
11/14/17,236.6000061,234.9199982
11/15/17,232.0099945,234.2100067
11/16/17,236.7100067,239.3200073
11/17/17,241.8000031,239.2700043
11/20/17,241,238.5399933
11/21/17,242,244.3000031
11/22/17,246.75,249.6499939
11/24/17,249.5,249.4199982
11/27/17,246,247.0200043
11/28/17,249,244.0299988
11/29/17,242.3200073,235.4900055
11/30/17,237.3800049,238.5800018
12/1/17,233.6499939,235.0700073
12/4/17,237.7100067,229.6600037
12/5/17,226,231.75
12/6/17,228.3500061,231.1499939
12/7/17,231.1600037,233.0099945
12/8/17,236.9100037,234.5899963
12/11/17,235.5,233.5399933
12/12/17,231.5099945,232.7299957
12/13/17,234.8800049,233.2400055
12/14/17,233.0599976,231.8200073
12/15/17,233,233.4799957
12/18/17,235.8200073,240.9299927
12/19/17,241.5899963,235.6199951
12/20/17,236.0399933,233.3699951
12/21/17,234.4799957,239.4900055
12/22/17,237.7599945,239.0500031
12/26/17,237.2100067,237.8300018
12/27/17,237.5,237.7100067
12/28/17,238.5700073,234.7400055
12/29/17,234.8300018,234.2100067
1/2/18,236.4900055,242.3999939
1/3/18,244.8600006,245.5500031
1/4/18,249,245.7299957
1/5/18,246.8399963,245.1399994
1/8/18,247.1399994,250.8200073
1/9/18,253.5399933,254.7299957
1/10/18,251.4900055,248.9499969
1/11/18,250.3999939,250.2200012
1/12/18,252.4900055,253.0399933
1/16/18,259.6900024,257.7799988
1/17/18,260.75,255.4900055
1/18/18,255.4900055,254.9600067
1/19/18,255.8699951,255.9799957
1/22/18,255.9900055,254.3399963
1/23/18,252.8899994,257.3500061
1/24/18,258.5799866,257.9599915
1/25/18,259.8299866,254.1399994
1/26/18,255.7599945,260.25
1/29/18,256.6600037,253.7299957
1/30/18,247.8699951,244.0700073
1/31/18,247.4799957,246.9199982
2/1/18,243.3300018,240.5299988
2/2/18,237.4900055,233.1699982
2/5/18,229.4199982,225.3200073
2/6/18,218,228.7700043
2/7/18,228.2599945,222.5
2/8/18,223.0099945,212.0700073
2/9/18,213.4600067,215.6699982
2/12/18,219.9900055,221.6399994
2/13/18,223.4100037,225.6000061
2/14/18,236.0399933,235.8899994
2/15/18,240.9900055,248.1999969
2/16/18,248,244.7200012
2/20/18,243.0700073,245.4299927
2/21/18,247.7200012,246.9199982
2/22/18,248.0899963,249.3500061
2/23/18,250,250.7400055
2/26/18,251.3399963,256.25
2/27/18,253.5,250.4600067
2/28/18,254,252.3399963
3/1/18,251.6300049,249.75
3/2/18,242.3200073,250.6000061
3/5/18,248.0899963,254.8899994
3/6/18,257.9899902,258.730011
3/7/18,255.9299927,257.2600098
3/8/18,257.5400085,257.1400146
3/9/18,259.25,263.5599976
3/12/18,264.9200134,265.6700134
3/13/18,268,258.3500061
3/14/18,259.730011,259.3500061
3/15/18,263.0100098,262.7099915
3/16/18,259.6099854,262.3900146
3/19/18,261.4700012,252.8300018
3/20/18,253.75,254.4600067
3/21/18,254.2599945,250.0500031
3/22/18,245,236.1100006
3/23/18,236.5200043,230.0800018
3/26/18,236.6100006,235.9400024
3/27/18,239.3800049,230.9600067
3/28/18,228.8000031,223.1000061
3/29/18,225,223.1900024
4/2/18,220.8399963,220.0599976
4/3/18,223.5299988,220.0200043
4/4/18,213.8000031,224.3000031
4/5/18,226.0099945,225.5700073
4/6/18,221.3000031,219.8200073
4/9/18,224.6999969,224.3300018
4/10/18,231.3200073,231.5
4/11/18,230,229.6499939
4/12/18,230.75,231.3399963
4/13/18,231.8800049,228.1699982
4/16/18,228.4499969,229.8999939
4/17/18,230.2700043,235.6699982
4/18/18,237.3800049,237.75
4/19/18,238.4299927,237.1100006
4/20/18,234.9199982,232.5
4/23/18,232.5200043,231.4199982
4/24/18,233.8200073,231.4100037
4/25/18,229.1999969,231.4100037
4/26/18,232.8300018,238.6900024
4/27/18,253.9499969,251.9299927
4/30/18,253.6900024,250.8999939
5/1/18,247.2400055,252.1300049
5/2/18,250.9199982,249.8000031
5/3/18,249,252.4600067
5/4/18,250.8500061,251.7299957
5/7/18,251.5299988,253.8999939
5/8/18,255,263.0899963
5/9/18,263.1000061,261.2900085
5/10/18,262.1799927,268.6799927
5/11/18,270.9200134,269.9100037
5/14/18,271.5,272.2600098
5/15/18,266.4100037,271.9200134
5/16/18,272.7399902,284.0700073
5/17/18,280.2600098,279.6799927
5/18/18,262.3800049,253.0099945
5/21/18,256,240.5099945
5/22/18,243.9900055,239.9700012
5/23/18,238.7700043,240.3899994
5/24/18,243.4900055,240.2799988
5/25/18,240.4799957,243.8000031
5/29/18,242.5500031,242.0500031
5/30/18,243.6900024,241.6300049
5/31/18,242.0399933,242.5599976
6/1/18,245.3899994,248.4600067
6/4/18,251,260.8999939
6/5/18,262.25,259.980011
6/6/18,260.1799927,263.9400024
6/7/18,264.6900024,264.8900146
6/8/18,262.1700134,263.5899963
6/11/18,264,269.7799988
6/12/18,270.5400085,267.4200134
6/13/18,268.8599854,270
6/14/18,270.4100037,270.6400146
6/15/18,268,272.9700012
6/18/18,267.2999878,268.8900146
6/19/18,260.230011,262.1099854
6/20/18,263.3399963,264.0599976
6/21/18,263.2200012,260.5
6/22/18,261,259
6/25/18,254.2799988,250.4100037
6/26/18,252.4600067,250.7700043
6/27/18,255,243
6/28/18,241.8399963,242.2100067
6/29/18,245.8999939,243
7/2/18,238.0800018,246.25
7/3/18,248.7100067,246.4299927
7/5/18,248.9900055,244.0700073
7/6/18,244.75,251.7700043
7/9/18,259.2799988,261.9700012
7/10/18,262.9899902,261.25
7/11/18,256.4899902,261.25
7/12/18,264.230011,271.4500122
7/13/18,271.3599854,267.1900024
7/16/18,266.4500122,267.0799866
7/17/18,264.1000061,270.019989
7/18/18,268.8999939,269.4200134
7/19/18,266.730011,262.4200134
7/20/18,263.3599854,259.980011
7/23/18,257.8900146,260.3800049
7/24/18,265.3099976,256.480011
7/25/18,256.4100037,262.9100037
7/26/18,259.8200073,260.3500061
7/27/18,262.6300049,255.0899963
7/30/18,256.4899902,251.3999939
7/31/18,253.8399963,247.1799927
8/1/18,234.9900055,228.0700073
8/2/18,230.5599976,230.4600067
8/3/18,235,235.6499939
8/6/18,234.1100006,232.9600067
8/7/18,228.3600006,226.6699982
8/8/18,226.9900055,222
8/9/18,223.3600006,219.8899994
8/10/18,217.5,220.1000061
8/13/18,220.0099945,217.5700073
8/14/18,218.3300018,216.2100067
8/15/18,211.3699951,213.4700012
8/16/18,216.1199951,217.3000031
8/17/18,221,222.6699982
8/20/18,224.6999969,223.7100067
8/21/18,225.7700043,223.1300049
8/22/18,223.1999969,223.0299988
8/23/18,224.2700043,219.3000031
8/24/18,221.3999939,224.3600006
8/27/18,228.3899994,228.6100006
8/28/18,229.6999969,225.7200012
8/29/18,225.8500061,225.8699951
8/30/18,224.7799988,224.25
8/31/18,221.7100067,226.4799957
9/4/18,225.0899963,222.1799927
9/5/18,219.1999969,216.2400055
9/6/18,216.5599976,215.0500031
9/7/18,214.0200043,216.0399933
9/10/18,215.8699951,213.5899963
9/11/18,210.5,216.1000061
9/12/18,215,218.6900024
9/13/18,223.9900055,222.4199982
9/14/18,224.8800049,220.0299988
9/17/18,216.8399963,217.6600037
9/18/18,218.5399933,216.8800049
9/19/18,218.5500031,226.4100037
9/20/18,230.1999969,230.6199951
9/21/18,234.8800049,228.8500061
9/24/18,225,226.6300049
9/25/18,226.7599945,226.6000061
9/26/18,228.3099976,228.4199982
9/27/18,228.6999969,230.4700012
9/28/18,228.5299988,228.6799927
10/1/18,230.8099976,227.3999939
10/2/18,221.6699982,218.8999939
10/3/18,220.2700043,216.3500061
10/4/18,215,210.0700073
10/5/18,208.5700073,205.6199951
10/8/18,200.1799927,203.9799957
10/9/18,201.8000031,200.8500061
10/10/18,198,194.2599945
10/11/18,189.2899933,198
10/12/18,205.3999939,204.3600006
10/15/18,201.5,200.1199951
10/16/18,202,203.2100067
10/17/18,203.7400055,200.7200012
10/18/18,197.5099945,191.8800049
10/19/18,193.6499939,191.9199982
10/22/18,197.8699951,196.1900024
10/23/18,190.1600037,193.4199982
10/24/18,193.2400055,184.4700012
10/25/18,186.2100067,190.4299927
10/26/18,184.0800018,188.5099945
10/29/18,190,181.75
10/30/18,181.75,183.3699951
10/31/18,184.3999939,190.0599976
11/1/18,192.4499969,201.4700012
11/2/18,203.2299957,194.6900024
11/5/18,194.0099945,190.5899963
11/6/18,191.0800018,192.4400024
11/7/18,196.0099945,195.4100037
11/8/18,193.6999969,188.5500031
11/9/18,184.4799957,183.75
11/12/18,183.4700012,180.4299927
11/13/18,182.3899994,183.3399963
11/14/18,185.5,185.0599976
11/15/18,186.8000031,188.4100037
11/16/18,187.0700073,186.9499969
11/19/18,185.8600006,183.0899963
11/20/18,177.6000061,177.4799957
11/21/18,180.0200043,183.9499969
11/23/18,181.3800049,182.6100006
11/26/18,186.2599945,185.1900024
11/27/18,183.6000061,182.7899933
11/28/18,185.8000031,188.4400024
11/29/18,186.5,183.2200012
11/30/18,183.0399933,188.2799988
12/3/18,196,191.3300018
12/4/18,192.3699951,182.6600037
12/6/18,176.0099945,180.6999969
12/7/18,180.1100006,179.5599976
12/10/18,178.2599945,179.1999969
12/11/18,181.8399963,176.8500061
12/12/18,180.5,179.75
12/13/18,182.3899994,179.8999939
12/14/18,177.6999969,177.5399933
12/17/18,176.5800018,169.8600006
12/18/18,173.1199951,167.6100006
12/19/18,167.9400024,162.4799957
12/20/18,160.8600006,160.3600006
12/21/18,162.2899933,157.4199982
12/24/18,155.2899933,157.1199951
12/26/18,158.3200073,163.0399933
12/27/18,160.5399933,161.5800018
12/28/18,162.0299988,162.1699982
12/31/18,163.8000031,158.6000061
1/2/19,156.1799927,162.25
1/3/19,158.75,154.7100067
1/4/19,157.6000061,160.9499969
1/7/19,162.6000061,162.6000061
1/8/19,162.1900024,163.3999939
1/9/19,166.7200012,166.6399994
1/10/19,164.9799957,168.3500061
1/11/19,167.8500061,166.1100006
1/14/19,162.8200073,163.0299988
1/15/19,164.4299927,167.9299927
1/16/19,169.6199951,169.75
1/17/19,167.8399963,168.1100006
1/18/19,170.5399933,171.3600006
1/22/19,167.3500061,160.3899994
1/23/19,162,163.2599945
1/24/19,163.25,162.6999969
1/25/19,164.9900055,167.1000061
1/28/19,164.1799927,167.5
1/29/19,167.9100037,165.2700043
1/30/19,166.7200012,169.3399963
1/31/19,171.0500031,172.6300049
2/1/19,172.6799927,171.2700043
2/4/19,172.3500061,173.9400024
2/5/19,175.3099976,176.2299957
2/6/19,176.2299957,173.8500061
2/7/19,173.5200043,171.5800018
2/8/19,170.4600067,169.8999939
2/11/19,172.2200012,168.0599976
2/12/19,169.0399933,170.25
2/13/19,172.9799957,173.8200073
2/14/19,173.5,174.0800018
2/15/19,175.4900055,170.0599976
2/19/19,169.5299988,172.4499969
2/20/19,173.3899994,171.1799927
2/21/19,171.7299957,171.8099976
2/22/19,173.5,167.1699982
2/25/19,170.0099945,165
2/26/19,164,161.9799957
2/27/19,161.5500031,162.1699982
2/28/19,162,162.5399933
3/1/19,164.1799927,162.0899963
3/4/19,163.7100067,160.9199982
3/5/19,161.4700012,167.7400055
3/6/19,169.2200012,170.2400055
3/7/19,169.6300049,165.7200012
3/8/19,162.9400024,163.6499939
3/11/19,165.6000061,166.9600067
3/12/19,168.4499969,166.9900055
3/13/19,167.8000031,168.1699982
3/14/19,167.9600067,167.7400055
3/15/19,169.4100037,170.4799957
3/18/19,172.4100037,171.1699982
3/19/19,172.1100006,170.7299957
3/20/19,171.2799988,170.1699982
3/21/19,168.6999969,171.7700043
3/22/19,170.7200012,166.7299957
3/25/19,165.5700073,166.8800049
3/26/19,167,167.1999969
3/27/19,167.3600006,164.2899933
3/28/19,165,164.1100006
3/29/19,165.6499939,164.8500061
4/1/19,168.0700073,170.3999939
4/2/19,170.4100037,170.9799957
4/3/19,173.0500031,174.9100037
4/4/19,176.9199982,179.1300049
4/5/19,181.3300018,181.5500031
4/8/19,181.5500031,184.7700043
4/9/19,185,181
4/10/19,179.1900024,177.0399933
4/11/19,176.5,171.1999969
4/12/19,173.6000061,173.0899963
4/15/19,172.1999969,168.6699982
4/16/19,170,170.2799988
4/17/19,172.1900024,170.3300018
4/18/19,171,171.0200043
4/22/19,170,169.3699951
4/23/19,170,173.2899933
4/24/19,174,169.3000031
4/25/19,169,167.9299927
4/26/19,167.8500061,166.1199951
4/29/19,167,165.8500061
4/30/19,164.6799927,166.2299957
5/1/19,166.5800018,165.4199982
5/2/19,165.7599945,166.2400055
5/3/19,167.3999939,167.0399933
5/6/19,161,164.5
5/7/19,162.8999939,162.1300049
5/8/19,161.6000061,159.5800018
5/9/19,156.3500061,158.6999969
5/10/19,158,156.75
5/13/19,151.6300049,151.5399933
5/14/19,153.0800018,152.3899994
5/15/19,151.7299957,152.5
5/16/19,153.3099976,153.6999969
5/17/19,130.5299988,128.3099976
5/20/19,123.2300034,117.5500031
5/21/19,119.2200012,120.4899979
5/22/19,120.8000031,118.4000015
5/23/19,115.3000031,113.4599991
5/24/19,114.5500031,114.4700012
5/28/19,115.0100021,114.1399994
5/29/19,113.1999969,112.9499969
5/30/19,112.3700027,111.8199997
5/31/19,110,110
6/3/19,109.7600021,107.7799988
6/4/19,108.4599991,111.4300003
6/5/19,111.6299973,109.1399994
6/6/19,109.0999985,108.8899994
6/7/19,109.0999985,109.8099976
6/10/19,111.0199966,111.7600021
6/11/19,113.9300003,115.3700027
6/12/19,114.0100021,113.0899963
6/13/19,113.9800034,114.0100021
6/14/19,112.8099976,113.0800018
6/17/19,113.3000031,114.3300018
6/18/19,115.4400024,116.9499969
6/19/19,118.1600037,117.8000031
6/20/19,120,118.3000031
6/21/19,117.8000031,116.9100037
6/24/19,117.2900009,116.6999969
6/25/19,115.5699997,113.2600021
6/26/19,114.5800018,115.7699966
6/27/19,116.3099976,116.0400009
6/28/19,116.0100021,117.3600006
7/1/19,121.4899979,118.0100021
7/2/19,118.1500015,119.3499985
7/3/19,120.1999969,118.5599976
7/5/19,117.2099991,116.2900009
7/8/19,114.9899979,113.1999969
7/9/19,112.3499985,114.8000031
7/10/19,116.1600037,114.4000015
7/11/19,114.6900024,114.75
7/12/19,114.8499985,114.9000015
7/15/19,115.0100021,115.6299973
7/16/19,115.5,114.2300034
7/17/19,114.0100021,113.5800018
7/18/19,113.1900024,111.7900009
7/19/19,112.8499985,112.25
7/22/19,112.25,111.6999969
7/23/19,112.2699966,115.1399994
7/24/19,114.8000031,116.3799973
7/25/19,116.2300034,114.4700012
7/26/19,115.0100021,114.2200012
7/29/19,113.75,113.4499969
7/30/19,112.5,112.75
7/31/19,112.5,111.6999969
8/1/19,111.5299988,109.2099991
8/2/19,108.2200012,107.7600021
8/5/19,104.0100021,100.1500015
8/6/19,101.6800003,99.68000031
8/7/19,98.38999939,99.19000244
8/8/19,99.37999725,99.88999939
8/9/19,99.16999817,97.36000061
8/12/19,96.23999786,95.08000183
8/13/19,94.22000122,97.37999725
8/14/19,95.20999908,94.84999847
8/15/19,95.55000305,94.34999847
8/16/19,95.27999878,96.69999695
8/19/19,100,104.2200012
8/20/19,112.0800018,108.7200012
8/21/19,109.6100006,107.9000015
8/22/19,105.7699966,105.4499969
8/23/19,103.4000015,101.8499985
8/26/19,102.8000031,103.8000031
8/27/19,104.7799988,103.8399963
8/28/19,102.9599991,103.5899963
8/29/19,105.2200012,104.8300018
8/30/19,105.4599991,104.4700012
9/3/19,103.3199997,102.5599976
9/4/19,104.1299973,102.5400009
9/5/19,103.5899963,104.1200027
9/6/19,104.2399979,102.5899963
9/9/19,102.7200012,105.0599976
9/10/19,105.1999969,110.4000015
9/11/19,111.7799988,111.7900009
9/12/19,112.9499969,111.5
9/13/19,111.9700012,110.5400009
9/16/19,109.9499969,110.9800034
9/17/19,110.0199966,109.0400009
9/18/19,108.9899979,108.4000015
9/19/19,108.5599976,107.7699966
9/20/19,108.0999985,105.1600037
9/23/19,104.4899979,102.3700027
9/24/19,102.5999985,97.61000061
9/25/19,97.94000244,102.8000031
9/26/19,105.9000015,105.0699997
9/27/19,105.4899979,101.2099991
9/30/19,102.25,102.7600021
10/1/19,102.8000031,102
10/2/19,100.8499985,102.6200027
10/3/19,102.3499985,104.3199997
10/4/19,103.8300018,104.4700012
10/7/19,103.7900009,101.4700012
10/8/19,99.5,99.52999878
10/9/19,100.2900009,99.90000153
10/10/19,100.7900009,103.8499985
10/11/19,105.9700012,104.6600037
10/14/19,104.5100021,105.4599991
10/15/19,105.5400009,107.1999969
10/16/19,107.1800003,108.2799988
10/17/19,108.8600006,107.6500015
10/18/19,107.4800034,103.7399979
10/21/19,104.5699997,104.3600006
10/22/19,104,103.6299973
10/23/19,102.6600037,104.1500015
10/24/19,104.0899963,103.6900024
10/25/19,103.1800003,103.8700027
10/28/19,104.3099976,104.8600006
10/29/19,104.4700012,102.9000015
10/30/19,102.8499985,102.9300003
10/31/19,102.1299973,101.8499985
11/1/19,103.0500031,104.6399994
11/4/19,106.9800034,109.6200027
11/5/19,110.9000015,108.0500031
11/6/19,108.8099976,107.3600006
11/7/19,115.4300003,121.8700027
11/8/19,123.2200012,124.5599976
11/11/19,122.6900024,120.8700027
11/12/19,120.1699982,121.8000031
11/13/19,119.6100006,118.2900009
11/14/19,118,118.1999969
11/15/19,118.7399979,117.0500031
11/18/19,117.3099976,116.5199966
11/19/19,117.9199982,115.6900024
11/20/19,114.5,114.8000031
11/21/19,114.1999969,115.6500015
11/22/19,116.1200027,117.9899979
11/25/19,119.3499985,120.3199997
11/26/19,120.0100021,118.5999985
11/27/19,119.1800003,119.5100021
11/29/19,118.3000031,118.5299988
12/2/19,118.3899994,117.4400024
12/3/19,115.1999969,114.8000031
12/4/19,115.6800003,114.2099991
12/5/19,115.5,116.75
12/6/19,117.0699997,115.8499985
12/9/19,114.8499985,115.0599976
12/10/19,115.6699982,114.7799988
12/11/19,115,116.3700027
12/12/19,117.4499969,120.5400009
12/13/19,122.0500031,119.1399994
12/16/19,120.4000015,123.1900024
12/17/19,123.9000015,123.8399963
12/18/19,124.1800003,126.6900024
12/19/19,127,128.0700073
12/20/19,128,127.4899979
12/23/19,127.8499985,128.8300018
12/24/19,129.0099945,128.4900055
12/26/19,128.6399994,127.5800018
12/27/19,128,126.4499969
12/30/19,125.9300003,126.2900009
12/31/19,125.5299988,126.4000015
1/2/20,129.4900055,138.2200012
1/3/20,134.5800018,133.8000031
1/6/20,132.7799988,135.9400024
1/7/20,138.1900024,136.6999969
1/8/20,136.7400055,137.8300018
1/9/20,141,140.8600006
1/10/20,142.6199951,144.5099945
1/13/20,147,142.2599945
1/14/20,140.6799927,140.0399933
1/15/20,139.5700073,139.3999939
1/16/20,142.6100006,139.4900055
1/17/20,140.6100006,139.6100006
1/21/20,136.4900055,137.1000061
1/22/20,138.5500031,134.8000031
1/23/20,132.2200012,134.1999969
1/24/20,134.25,130
1/27/20,122,126.2799988
1/28/20,128.0500031,126.9300003
1/29/20,127.9700012,126.4700012
1/30/20,123.3000031,125.7399979
1/31/20,123.1999969,123.5599976
2/3/20,127.1500015,130.4900055
2/4/20,134.6999969,131.3699951
2/5/20,134.5200043,130.75
2/6/20,132.25,133.1600037
2/7/20,131.0200043,130.9100037
2/10/20,129.2599945,131.0500031
2/11/20,133.5099945,133.9900055
2/12/20,136.7299957,137.4900055
2/13/20,135.0200043,135.1799927
2/14/20,135.8999939,134.5700073
2/18/20,134.0200043,134.1799927
2/19/20,134.2400055,135.8099976
2/20/20,135,132.4600067
2/21/20,131.3500061,129.8000031
2/24/20,122.6999969,125.8300018
2/25/20,128.3600006,124.4300003
2/26/20,124.0199966,123.5400009
2/27/20,122.0100021,119.9100037
2/28/20,115,119.9800034
3/2/20,122.8000031,120.7699966
3/3/20,121.4000015,117.9700012
3/4/20,119.2900009,121.4100037
3/5/20,118.3700027,118.2399979
3/6/20,114.9899979,113.7399979
3/9/20,106.9400024,106.6500015
3/10/20,110.8600006,111.9100037
3/11/20,109.5999985,108.25
3/12/20,100.0500031,99
3/13/20,104.7099991,100.2900009
3/16/20,90.91999817,89.68000031
3/17/20,89.72000122,91.12999725
3/18/20,84.59999847,83.62000275
3/19/20,83.33999634,89.62000275
3/20/20,91.25,88.66000366
3/23/20,89.02999878,91.22000122
3/24/20,95.18000031,96.43000031
3/25/20,97,96.91999817
3/26/20,98.61000061,101.8199997
3/27/20,98.5,97.62999725
3/30/20,98.51999664,98.94999695
3/31/20,98.54000092,100.7900009
4/1/20,98.68000031,97.68000031
4/2/20,97.76999664,99.58999634
4/3/20,98.91999817,97.19999695
4/6/20,100.8799973,102.9400024
4/7/20,105,101.7900009
4/8/20,98,97.33000183
4/9/20,97.56999969,99
4/13/20,98.70999908,98.37000275
4/14/20,99.58000183,100.9199982
4/15/20,98.63999939,100.8700027
4/16/20,101.5999985,102.8199997
4/17/20,104.2099991,105
4/20/20,103.5999985,104.6800003
4/21/20,102.0999985,101.4100037
4/22/20,101.9899979,101.75
4/23/20,101.1999969,99.84999847
4/24/20,101.0999985,100.9499969
4/27/20,101.1999969,100.5599976
4/28/20,101,97.12999725
4/29/20,98.47000122,99.66999817
4/30/20,99.73999786,100.9300003
5/1/20,98.19999695,96.01999664
5/4/20,95.43000031,94.76000214
5/5/20,96.41000366,95.76999664
5/6/20,96.61000061,97.08000183
5/7/20,98.09999847,98.18000031
5/8/20,99.79000092,99.76999664
5/11/20,99.76000214,99.55000305
5/12/20,100,97.47000122
5/13/20,98.20999908,95.48999786
5/14/20,93.19000244,96.01999664
5/15/20,95.18000031,99.86000061
5/18/20,101.8300018,107.5899963
5/19/20,117.8000031,109.75
5/20/20,110.6999969,108.5199966
5/21/20,107.1200027,110.0299988
5/22/20,106.2600021,103.3199997
5/26/20,106,108.3600006
5/27/20,107.8000031,108.2200012
5/28/20,106.4599991,106.3199997
5/29/20,105.8199997,106.5500031
6/1/20,106.0199966,107.0999985
6/2/20,107.7699966,107.2300034
6/3/20,108.6200027,112.4499969
6/4/20,112.0999985,109.0599976
6/5/20,111.8600006,114.4000015
6/8/20,116,117.0299988
6/9/20,115.3899994,115.8300018
6/10/20,118,116.8099976
6/11/20,112.6299973,111.8300018
6/12/20,114.5,116.2699966
6/15/20,113.3899994,116.8199997
6/16/20,127.25,122.7799988
6/17/20,123,122.0299988
6/18/20,122.0299988,123.4599991
6/19/20,124.9400024,123.0800018
6/22/20,122.3700027,123.0800018
6/23/20,123.8099976,123.3300018
6/24/20,122.0500031,121.3700027
6/25/20,120.3899994,123.7300034
6/26/20,123.25,121.8000031
6/29/20,121.0100021,121.2900009
6/30/20,120.3499985,119.8899994
7/1/20,119.8899994,120.6299973
7/2/20,123.2200012,123.3000031
7/6/20,129.0099945,132.9299927
7/7/20,130,127.8300018
7/8/20,131.0099945,130.6399994
7/9/20,134.0099945,132.5299988
7/10/20,130.75,132.3300018
7/13/20,133.6999969,127.8399963
7/14/20,125,125.4899979
7/15/20,126.9599991,125.0500031
7/16/20,121.3300018,123.4300003
7/17/20,125,122.7699966
7/20/20,122.7699966,124.3499985
7/21/20,125.9899979,125.2200012
7/22/20,123.5800018,122.75
7/23/20,122.2099991,121.0999985
7/24/20,117.5,119.0199966
7/27/20,117.7399979,115.8600006
7/28/20,115.75,115.6900024
7/29/20,116.4599991,119.8199997
7/30/20,118.1699982,118
7/31/20,118.8600006,119.4000015
8/3/20,120.2900009,120.5500031
8/4/20,120.1399994,126.6699982
8/5/20,127,125.8499985
8/6/20,125.3399963,125.5800018
8/7/20,122.5,125
8/10/20,124.5500031,125.0599976
8/11/20,125.2300034,124.5999985
8/12/20,126.2300034,126.1100006
8/13/20,126.6699982,124.5699997
8/14/20,118.4000015,116.7399979
8/17/20,117.9899979,123.9199982
8/18/20,123.8300018,124.1999969
8/19/20,124.1299973,122.7099991
8/20/20,121.7900009,123.4800034
8/21/20,121.5400009,122.4499969
8/24/20,123.8700027,122.8799973
8/25/20,122.6800003,125.6999969
8/26/20,125.9499969,127.4700012
8/27/20,127.4700012,127.25
8/28/20,127.1200027,129
8/31/20,125.8099976,124.5699997
9/1/20,125.3700027,126.9300003
9/2/20,127.5500031,124.2600021
9/3/20,123.4700012,121.4199982
9/4/20,120.9100037,122.8700027
9/8/20,117.5899963,119.3099976
9/9/20,120.1399994,119.4000015
9/10/20,119.6999969,119.1600037
9/11/20,119.9700012,120.6200027
9/14/20,121.3499985,121.8799973
9/15/20,123.8899994,124.4899979
9/16/20,125.1699982,126.0299988
9/17/20,123,124.6699982
9/18/20,124.5999985,124.6600037
9/21/20,121.3600006,124.5500031
9/22/20,125.2399979,124.0299988
9/23/20,123.4199982,122.9199982
9/24/20,121.2799988,123.7600021
9/25/20,122.2399979,123.7900009
9/28/20,124.4899979,126.0400009
9/29/20,125.0400009,122.5800018
9/30/20,123.8399963,126.5899963
10/1/20,126.5299988,126.4499969
10/2/20,124.6600037,124.6200027
10/5/20,124.8300018,124.6999969
10/6/20,124.9800034,124.8300018
10/7/20,125.8000031,126.3499985
10/8/20,128.6999969,126.75
10/9/20,126.7900009,126.4899979
10/12/20,129.0299988,127.7200012
10/13/20,127.8300018,127.0500031
10/14/20,127.8000031,136.0700073
10/15/20,133.1999969,130.0399933
10/16/20,131.8999939,130.3699951
10/19/20,131.5,129.25
10/20/20,130.0099945,130.0800018
10/21/20,132.6300049,134.8399963
10/22/20,134.5099945,132.8600006
10/23/20,133,133.9299927
10/26/20,132.8500061,132.9499969
10/27/20,132,134.8899994
10/28/20,132.0700073,130.6999969
10/29/20,130.9400024,131.9600067
10/30/20,131,133.0500031
11/2/20,134.3099976,134.0500031
11/3/20,134.6600037,134.1100006
11/4/20,137.8399963,140.3099976
11/5/20,144.9700012,143.9400024
11/6/20,143.8699951,144
11/9/20,148.3800049,144.1900024
11/10/20,141.1999969,143.25
11/11/20,142.3399963,143.0599976
11/12/20,144.2700043,142.4700012
11/13/20,144.5099945,145.0800018
11/16/20,146.7100067,147.8399963
11/17/20,145,143.9199982
11/18/20,143.4799957,142.0700073
11/19/20,138.6699982,136.4799957
11/20/20,137.1000061,136.1100006
11/23/20,136.2100067,133.0399933
11/24/20,134.6999969,134.3600006
11/25/20,133.0700073,136
11/27/20,136.75,139.4199982
11/30/20,137.2700043,138.9900055
12/1/20,139.0599976,140.2599945
12/2/20,139,143.6999969
12/3/20,143.6999969,144.2400055
12/4/20,144.3000031,144.0700073
12/7/20,143.7299957,144.3000031
12/8/20,146.6100006,144.9900055
12/9/20,148,151.5899963
12/10/20,154.1199951,158.3200073
12/11/20,158.0299988,161.2400055
12/14/20,164.8000031,162.9600067
12/15/20,169.75,185.5
12/16/20,189.3399963,190.3999939
12/17/20,185.1399994,190.1100006
12/18/20,191.9700012,192.6900024
12/21/20,188.9499969,193.0800018
12/22/20,197.8500061,191.2599945
12/23/20,191.3500061,193.3600006
12/24/20,189.75,191.0200043
12/28/20,189.6300049,193.0800018
12/29/20,195.9700012,195.0700073
12/30/20,198.1000061,219.6300049
12/31/20,224.3600006,216.2400055
1/4/21,219.5099945,216.8000031
1/5/21,213.4299927,214
1/6/21,212.7799988,203.9700012
1/7/21,207.7100067,207.8899994
1/8/21,227.0599976,240.25
1/11/21,244.5099945,219.5500031
1/12/21,227,239.4499969
1/13/21,242.0099945,236.9400024
1/14/21,240.1000061,249
1/15/21,245.2700043,238.8699951
1/19/21,250,250.4199982
1/20/21,260,260.8999939
1/21/21,263.5,251.9100037
1/22/21,253.3899994,252.75
1/25/21,261.1199951,254.8699951
1/26/21,254.5700073,248.3000031
1/27/21,236.75,237.1799927
1/28/21,233.1100006,244.8699951
1/29/21,240.3000031,235.0200043
2/1/21,239.3500061,241.8899994
2/2/21,245.0899963,250.5200043
2/3/21,249.0700073,251.2799988
2/4/21,255.3600006,258.4299927
2/5/21,261.5599976,270.1300049
2/8/21,275,276.6000061
2/9/21,279.6000061,295.0400085
2/10/21,309.9200134,304.0499878
2/11/21,308.9700012,309.5899963
2/12/21,303,313
2/16/21,317.1400146,326.2000122
2/17/21,318.0100098,308.6799927
2/18/21,296.2999878,298.0100098
2/19/21,305.6300049,339.9100037
2/22/21,322.4500122,335.7900085
2/23/21,315,322.6099854
2/24/21,309.7600098,304.0100098
2/25/21,303.9899902,294.2000122
2/26/21,288.6099854,283.4599915
3/1/21,303.3399963,295.5799866
3/2/21,296.8800049,301.9299927
3/3/21,304.2000122,277.7999878
3/4/21,272.2200012,260.5899963
3/5/21,266.25,261.7200012
3/8/21,254,232.6799927
3/9/21,249.3699951,264.2799988
3/10/21,271.019989,255.1399994
3/11/21,263.6799927,272.3800049
3/12/21,264.1099854,264.25
3/15/21,262.9700012,265.5299988
3/16/21,264.0100098,266.7799988
3/17/21,260,277.1300049
3/18/21,269.2900085,264.8500061
3/19/21,263,257.4700012
3/22/21,262.3599854,266.1300049
3/23/21,258.2200012,261.5499878
3/24/21,258.1199951,239.1900024
3/25/21,224.9799957,204.5700073
3/26/21,190.8399963,208.6100006
3/29/21,212.4900055,204.6999969
3/30/21,208.75,218.2299957
3/31/21,222,217.5500031
4/1/21,224,219.6999969
4/5/21,222,222.2899933
4/6/21,223.3000031,226.5500031
4/7/21,223.8000031,222
4/8/21,223.5,226.7700043
4/9/21,222.9499969,219.6699982
4/12/21,217.4900055,214.1399994
4/13/21,209.6000061,216.5599976
4/14/21,218.9100037,216.2599945
4/15/21,216.9400024,210.2299957
4/16/21,212.2899933,213.5599976
4/19/21,216.2100067,209.8999939
4/20/21,209.9900055,207.9900055
4/21/21,206.3999939,214.6399994
4/22/21,215.7899933,214.5599976
4/23/21,218.5,220.9400024
4/26/21,218.1000061,216.4600067
4/27/21,218.1999969,216.3999939
4/28/21,216.5,215.8300018
4/29/21,218.7899933,212.2899933
4/30/21,210.4900055,210.3300018