Date, Close_FTSE
1/1/16,6242.32
1/4/16,6093.43
1/5/16,6137.24
1/6/16,6073.38
1/7/16,5954.08
1/8/16,5912.44
1/11/16,5871.83
1/12/16,5929.24
1/13/16,5960.97
1/14/16,5918.23
1/15/16,5804.1
1/18/16,5779.92
1/19/16,5876.8
1/20/16,5673.58
1/21/16,5773.79
1/22/16,5900.01
1/25/16,5877
1/26/16,5911.46
1/27/16,5990.37
1/28/16,5931.78
1/29/16,6083.79
2/1/16,6060.1
2/2/16,5922.01
2/3/16,5837.14
2/4/16,5898.76
2/5/16,5848.06
2/8/16,5689.36
2/9/16,5632.19
2/10/16,5672.3
2/11/16,5536.97
2/12/16,5707.6
2/15/16,5824.28
2/16/16,5862.17
2/17/16,6030.32
2/18/16,5971.95
2/19/16,5950.23
2/22/16,6037.73
2/23/16,5962.31
2/24/16,5867.18
2/25/16,6012.81
2/26/16,6096.01
2/29/16,6097.09
3/1/16,6152.88
3/2/16,6147.06
3/3/16,6130.46
3/4/16,6199.43
3/7/16,6182.4
3/8/16,6125.44
3/9/16,6146.32
3/10/16,6036.7
3/11/16,6139.79
3/14/16,6174.57
3/15/16,6139.97
3/16/16,6175.49
3/17/16,6201.12
3/18/16,6189.64
3/21/16,6184.58
3/22/16,6192.74
3/23/16,6199.11
3/24/16,6106.48
3/25/16,6106.48
3/28/16,6106.48
3/29/16,6105.9
3/30/16,6203.17
3/31/16,6174.9
4/1/16,6146.05
4/4/16,6164.72
4/5/16,6091.23
4/6/16,6161.63
4/7/16,6136.89
4/8/16,6204.41
4/11/16,6200.12
4/12/16,6242.39
4/13/16,6362.89
4/14/16,6365.1
4/15/16,6343.75
4/18/16,6353.52
4/19/16,6405.35
4/20/16,6410.26
4/21/16,6381.44
4/22/16,6310.44
4/25/16,6260.92
4/26/16,6284.52
4/27/16,6319.91
4/28/16,6322.4
4/29/16,6241.89
5/2/16,6241.89
5/3/16,6185.59
5/4/16,6112.02
5/5/16,6117.25
5/6/16,6125.7
5/9/16,6114.81
5/10/16,6156.65
5/11/16,6162.49
5/12/16,6104.19
5/13/16,6138.5
5/16/16,6151.4
5/17/16,6167.77
5/18/16,6165.8
5/19/16,6053.35
5/20/16,6156.32
5/23/16,6136.43
5/24/16,6219.26
5/25/16,6262.85
5/26/16,6265.65
5/27/16,6270.79
5/30/16,6270.79
5/31/16,6230.79
6/1/16,6191.93
6/2/16,6185.61
6/3/16,6209.63
6/6/16,6273.4
6/7/16,6284.53
6/8/16,6301.52
6/9/16,6231.89
6/10/16,6115.76
6/13/16,6044.97
6/14/16,5923.53
6/15/16,5966.8
6/16/16,5950.48
6/17/16,6021.09
6/20/16,6204
6/21/16,6226.55
6/22/16,6261.19
6/23/16,6338.1
6/24/16,6138.69
6/27/16,5982.2
6/28/16,6140.39
6/29/16,6360.06
6/30/16,6504.33
7/1/16,6577.83
7/4/16,6522.26
7/5/16,6545.37
7/6/16,6463.59
7/7/16,6533.79
7/8/16,6590.64
7/11/16,6682.86
7/12/16,6680.69
7/13/16,6670.4
7/14/16,6654.47
7/15/16,6669.24
7/18/16,6695.42
7/19/16,6697.37
7/20/16,6728.99
7/21/16,6699.89
7/22/16,6730.48
7/25/16,6710.13
7/26/16,6724.03
7/27/16,6750.43
7/28/16,6721.06
7/29/16,6724.43
8/1/16,6693.95
8/2/16,6645.4
8/3/16,6634.4
8/4/16,6740.16
8/5/16,6793.47
8/8/16,6809.13
8/9/16,6851.3
8/10/16,6866.42
8/11/16,6914.71
8/12/16,6916.02
8/15/16,6941.19
8/16/16,6893.92
8/17/16,6859.15
8/18/16,6868.96
8/19/16,6858.95
8/22/16,6828.54
8/23/16,6868.51
8/24/16,6835.78
8/25/16,6816.9
8/26/16,6838.05
8/29/16,6838.05
8/30/16,6820.79
8/31/16,6781.51
9/1/16,6745.97
9/2/16,6894.6
9/5/16,6879.42
9/6/16,6826.05
9/7/16,6846.58
9/8/16,6858.7
9/9/16,6776.95
9/12/16,6700.9
9/13/16,6665.63
9/14/16,6673.31
9/15/16,6730.3
9/16/16,6710.28
9/19/16,6813.55
9/20/16,6830.79
9/21/16,6834.77
9/22/16,6911.4
9/23/16,6909.43
9/26/16,6818.04
9/27/16,6807.67
9/28/16,6849.38
9/29/16,6919.42
9/30/16,6899.33
10/3/16,6983.52
10/4/16,7074.34
10/5/16,7033.25
10/6/16,6999.96
10/7/16,7044.39
10/10/16,7097.5
10/11/16,7070.88
10/12/16,7024.01
10/13/16,6977.74
10/14/16,7013.55
10/17/16,6947.55
10/18/16,7000.06
10/19/16,7021.92
10/20/16,7026.9
10/21/16,7020.47
10/24/16,6986.4
10/25/16,7017.64
10/26/16,6958.09
10/27/16,6986.57
10/28/16,6996.26
10/31/16,6954.22
11/1/16,6917.14
11/2/16,6845.42
11/3/16,6790.51
11/4/16,6693.26
11/7/16,6806.9
11/8/16,6843.13
11/9/16,6911.84
11/10/16,6827.98
11/11/16,6730.43
11/14/16,6753.18
11/15/16,6792.74
11/16/16,6749.72
11/17/16,6794.71
11/18/16,6775.77
11/21/16,6777.96
11/22/16,6819.72
11/23/16,6817.71
11/24/16,6829.2
11/25/16,6840.75
11/28/16,6799.47
11/29/16,6772
11/30/16,6783.79
12/1/16,6752.93
12/2/16,6730.72
12/5/16,6746.83
12/6/16,6779.84
12/7/16,6902.23
12/8/16,6931.55
12/9/16,6954.21
12/12/16,6890.42
12/13/16,6968.57
12/14/16,6949.19
12/15/16,6999.01
12/16/16,7011.64
12/19/16,7017.16
12/20/16,7043.96
12/21/16,7041.42
12/22/16,7063.68
12/23/16,7068.17
12/26/16,7068.17
12/27/16,7068.17
12/28/16,7106.08
12/29/16,7120.26
12/30/16,7142.83
1/2/17,7142.83
1/3/17,7177.89
1/4/17,7189.74
1/5/17,7195.31
1/6/17,7210.05
1/9/17,7237.77
1/10/17,7275.47
1/11/17,7290.49
1/12/17,7292.37
1/13/17,7337.81
1/16/17,7327.13
1/17/17,7220.38
1/18/17,7247.61
1/19/17,7208.44
1/20/17,7198.44
1/23/17,7151.18
1/24/17,7150.34
1/25/17,7164.43
1/26/17,7161.49
1/27/17,7184.49
1/30/17,7118.48
1/31/17,7099.15
2/1/17,7107.65
2/2/17,7140.75
2/3/17,7188.3
2/6/17,7172.15
2/7/17,7186.22
2/8/17,7188.82
2/9/17,7229.5
2/10/17,7258.75
2/13/17,7278.92
2/14/17,7268.56
2/15/17,7302.41
2/16/17,7277.92
2/17/17,7299.96
2/20/17,7299.86
2/21/17,7274.83
2/22/17,7302.25
2/23/17,7271.37
2/24/17,7243.7
2/27/17,7253
2/28/17,7263.44
3/1/17,7382.9
3/2/17,7382.35
3/3/17,7374.26
3/6/17,7350.12
3/7/17,7338.99
3/8/17,7334.61
3/9/17,7314.96
3/10/17,7343.08
3/13/17,7367.08
3/14/17,7357.85
3/15/17,7368.64
3/16/17,7415.95
3/17/17,7424.96
3/20/17,7429.81
3/21/17,7378.34
3/22/17,7324.72
3/23/17,7340.71
3/24/17,7336.82
3/27/17,7293.5
3/28/17,7343.42
3/29/17,7373.72
3/30/17,7369.52
3/31/17,7322.92
4/3/17,7282.69
4/4/17,7321.82
4/5/17,7331.68
4/6/17,7303.2
4/7/17,7349.37
4/10/17,7348.94
4/11/17,7365.5
4/12/17,7348.99
4/13/17,7327.59
4/14/17,7327.59
4/17/17,7327.59
4/18/17,7147.5
4/19/17,7114.36
4/20/17,7118.54
4/21/17,7114.55
4/24/17,7264.68
4/25/17,7275.64
4/26/17,7288.72
4/27/17,7237.17
4/28/17,7203.94
5/1/17,7203.94
5/2/17,7250.05
5/3/17,7234.53
5/4/17,7248.1
5/5/17,7297.43
5/8/17,7300.86
5/9/17,7342.21
5/10/17,7385.24
5/11/17,7386.63
5/12/17,7435.39
5/15/17,7454.37
5/16/17,7522.03
5/17/17,7503.47
5/18/17,7436.42
5/19/17,7470.71
5/22/17,7496.34
5/23/17,7485.29
5/24/17,7514.9
5/25/17,7517.71
5/26/17,7547.63
5/29/17,7547.63
5/30/17,7526.51
5/31/17,7519.95
6/1/17,7543.77
6/2/17,7547.63
6/5/17,7525.76
6/6/17,7524.95
6/7/17,7478.62
6/8/17,7449.98
6/9/17,7527.33
6/12/17,7511.87
6/13/17,7500.44
6/14/17,7474.4
6/15/17,7419.36
6/16/17,7463.54
6/19/17,7523.81
6/20/17,7472.71
6/21/17,7447.79
6/22/17,7439.29
6/23/17,7424.13
6/26/17,7446.8
6/27/17,7434.36
6/28/17,7387.8
6/29/17,7350.32
6/30/17,7312.72
7/3/17,7377.09
7/4/17,7357.23
7/5/17,7367.6
7/6/17,7337.28
7/7/17,7350.92
7/10/17,7370.03
7/11/17,7329.76
7/12/17,7416.93
7/13/17,7413.44
7/14/17,7378.39
7/17/17,7404.13
7/18/17,7390.22
7/19/17,7430.91
7/20/17,7487.87
7/21/17,7452.91
7/24/17,7377.73
7/25/17,7434.82
7/26/17,7452.32
7/27/17,7443.01
7/28/17,7368.37
7/31/17,7372
8/1/17,7423.66
8/2/17,7411.43
8/3/17,7474.77
8/4/17,7511.71
8/7/17,7531.94
8/8/17,7542.73
8/9/17,7498.06
8/10/17,7389.94
8/11/17,7309.96
8/14/17,7353.89
8/15/17,7383.85
8/16/17,7433.03
8/17/17,7387.87
8/18/17,7323.98
8/21/17,7318.88
8/22/17,7381.74
8/23/17,7382.65
8/24/17,7407.06
8/25/17,7401.46
8/28/17,7401.46
8/29/17,7337.43
8/30/17,7365.26
8/31/17,7430.62
9/1/17,7438.5
9/4/17,7411.47
9/5/17,7372.92
9/6/17,7354.13
9/7/17,7396.98
9/8/17,7377.6
9/11/17,7413.59
9/12/17,7400.69
9/13/17,7379.7
9/14/17,7295.39
9/15/17,7215.47
9/18/17,7253.28
9/19/17,7275.25
9/20/17,7271.95
9/21/17,7263.9
9/22/17,7310.64
9/25/17,7301.29
9/26/17,7285.74
9/27/17,7313.51
9/28/17,7322.82
9/29/17,7372.76
10/2/17,7438.84
10/3/17,7468.11
10/4/17,7467.58
10/5/17,7507.99
10/6/17,7522.87
10/9/17,7507.89
10/10/17,7538.27
10/11/17,7533.81
10/12/17,7556.24
10/13/17,7535.44
10/16/17,7526.97
10/17/17,7516.17
10/18/17,7542.87
10/19/17,7523.04
10/20/17,7523.23
10/23/17,7524.45
10/24/17,7526.54
10/25/17,7447.21
10/26/17,7486.5
10/27/17,7505.03
10/30/17,7487.81
10/31/17,7493.08
11/1/17,7487.96
11/2/17,7555.32
11/3/17,7560.35
11/6/17,7562.28
11/7/17,7513.11
11/8/17,7529.72
11/9/17,7484.1
11/10/17,7432.99
11/13/17,7415.18
11/14/17,7414.42
11/15/17,7372.61
11/16/17,7386.94
11/17/17,7380.68
11/20/17,7389.46
11/21/17,7411.34
11/22/17,7419.02
11/23/17,7417.24
11/24/17,7409.64
11/27/17,7383.9
11/28/17,7460.65
11/29/17,7393.56
11/30/17,7326.67
12/1/17,7300.49
12/4/17,7338.97
12/5/17,7327.5
12/6/17,7348.03
12/7/17,7320.75
12/8/17,7393.96
12/11/17,7453.48
12/12/17,7500.41
12/13/17,7496.51
12/14/17,7448.12
12/15/17,7490.57
12/18/17,7537.01
12/19/17,7544.09
12/20/17,7525.22
12/21/17,7603.98
12/22/17,7592.66
12/25/17,7592.66
12/26/17,7592.66
12/27/17,7620.68
12/28/17,7622.88
12/29/17,7687.77
1/1/18,7687.77
1/2/18,7648.1
1/3/18,7671.11
1/4/18,7695.88
1/5/18,7724.22
1/8/18,7696.51
1/9/18,7731.02
1/10/18,7748.51
1/11/18,7762.94
1/12/18,7778.64
1/15/18,7769.14
1/16/18,7755.93
1/17/18,7725.43
1/18/18,7700.96
1/19/18,7730.79
1/22/18,7715.44
1/23/18,7731.83
1/24/18,7643.43
1/25/18,7615.84
1/26/18,7665.54
1/29/18,7671.53
1/30/18,7587.98
1/31/18,7533.55
2/1/18,7490.39
2/2/18,7443.43
2/5/18,7334.98
2/6/18,7141.4
2/7/18,7279.42
2/8/18,7170.69
2/9/18,7092.43
2/12/18,7177.06
2/13/18,7168.01
2/14/18,7213.97
2/15/18,7234.81
2/16/18,7294.7
2/19/18,7247.66
2/20/18,7246.77
2/21/18,7281.57
2/22/18,7252.39
2/23/18,7244.41
2/26/18,7289.58
2/27/18,7282.45
2/28/18,7231.91
3/1/18,7175.64
3/2/18,7069.9
3/5/18,7115.98
3/6/18,7146.75
3/7/18,7157.84
3/8/18,7203.24
3/9/18,7224.51
3/12/18,7214.76
3/13/18,7138.78
3/14/18,7132.69
3/15/18,7139.76
3/16/18,7164.14
3/19/18,7042.93
3/20/18,7061.27
3/21/18,7038.97
3/22/18,6952.59
3/23/18,6921.94
3/26/18,6888.69
3/27/18,7000.14
3/28/18,7044.74
3/29/18,7056.61
3/30/18,7056.61
4/2/18,7056.61
4/3/18,7030.46
4/4/18,7034.01
4/5/18,7199.5
4/6/18,7183.64
4/9/18,7194.75
4/10/18,7266.75
4/11/18,7257.14
4/12/18,7258.34
4/13/18,7264.56
4/16/18,7198.2
4/17/18,7226.05
4/18/18,7317.34
4/19/18,7328.92
4/20/18,7368.17
4/23/18,7398.87
4/24/18,7425.4
4/25/18,7379.32
4/26/18,7421.43
4/27/18,7502.21
4/30/18,7509.3
5/1/18,7520.36
5/2/18,7543.2
5/3/18,7502.69
5/4/18,7567.14
5/7/18,7567.14
5/8/18,7565.75
5/9/18,7662.52
5/10/18,7700.97
5/11/18,7724.55
5/14/18,7710.98
5/15/18,7722.98
5/16/18,7734.2
5/17/18,7787.97
5/18/18,7778.79
5/21/18,7859.17
5/22/18,7877.45
5/23/18,7788.44
5/24/18,7716.74
5/25/18,7730.28
5/28/18,7730.28
5/29/18,7632.64
5/30/18,7689.57
5/31/18,7678.2
6/1/18,7701.77
6/4/18,7741.29
6/5/18,7686.8
6/6/18,7712.37
6/7/18,7704.4
6/8/18,7681.07
6/11/18,7737.43
6/12/18,7703.81
6/13/18,7703.71
6/14/18,7765.79
6/15/18,7633.91
6/18/18,7631.33
6/19/18,7603.85
6/20/18,7627.4
6/21/18,7556.44
6/22/18,7682.27
6/25/18,7509.84
6/26/18,7537.92
6/27/18,7621.69
6/28/18,7615.63
6/29/18,7636.93
7/2/18,7547.85
7/3/18,7593.29
7/4/18,7573.09
7/5/18,7603.22
7/6/18,7617.7
7/9/18,7687.99
7/10/18,7692.04
7/11/18,7591.96
7/12/18,7651.33
7/13/18,7661.87
7/16/18,7600.45
7/17/18,7626.33
7/18/18,7676.28
7/19/18,7683.97
7/20/18,7678.79
7/23/18,7655.79
7/24/18,7709.05
7/25/18,7658.26
7/26/18,7663.17
7/27/18,7701.31
7/30/18,7700.85
7/31/18,7748.76
8/1/18,7652.91
8/2/18,7575.93
8/3/18,7659.1
8/6/18,7663.78
8/7/18,7718.48
8/8/18,7776.65
8/9/18,7741.77
8/10/18,7667.01
8/13/18,7642.45
8/14/18,7611.64
8/15/18,7497.87
8/16/18,7556.38
8/17/18,7558.59
8/20/18,7591.26
8/21/18,7565.7
8/22/18,7574.24
8/23/18,7563.22
8/24/18,7577.49
8/27/18,7577.49
8/28/18,7617.22
8/29/18,7563.21
8/30/18,7516.03
8/31/18,7432.42
9/3/18,7504.6
9/4/18,7457.86
9/5/18,7383.28
9/6/18,7318.96
9/7/18,7277.7
9/10/18,7279.3
9/11/18,7273.54
9/12/18,7313.36
9/13/18,7281.57
9/14/18,7304.04
9/17/18,7302.1
9/18/18,7300.23
9/19/18,7331.12
9/20/18,7367.32
9/21/18,7490.23
9/24/18,7458.41
9/25/18,7507.56
9/26/18,7511.49
9/27/18,7545.44
9/28/18,7510.2
10/1/18,7495.67
10/2/18,7474.55
10/3/18,7510.28
10/4/18,7418.34
10/5/18,7318.54
10/8/18,7233.33
10/9/18,7237.59
10/10/18,7145.74
10/11/18,7006.93
10/12/18,6995.91
10/15/18,7029.22
10/16/18,7059.4
10/17/18,7054.6
10/18/18,7026.99
10/19/18,7049.8
10/22/18,7042.8
10/23/18,6955.21
10/24/18,6962.98
10/25/18,7004.1
10/26/18,6939.56
10/29/18,7026.32
10/30/18,7035.85
10/31/18,7128.1
11/1/18,7114.66
11/2/18,7094.12
11/5/18,7103.84
11/6/18,7040.68
11/7/18,7117.28
11/8/18,7140.68
11/9/18,7105.34
11/12/18,7053.08
11/13/18,7053.76
11/14/18,7033.79
11/15/18,7038.01
11/16/18,7013.88
11/19/18,7000.89
11/20/18,6947.92
11/21/18,7050.23
11/22/18,6960.32
11/23/18,6952.86
11/26/18,7036
11/27/18,7016.85
11/28/18,7004.52
11/29/18,7038.95
11/30/18,6980.24
12/3/18,7062.41
12/4/18,7022.76
12/5/18,6921.84
12/6/18,6704.05
12/7/18,6778.11
12/10/18,6721.54
12/11/18,6806.94
12/12/18,6880.19
12/13/18,6877.5
12/14/18,6845.17
12/17/18,6773.24
12/18/18,6701.59
12/19/18,6765.94
12/20/18,6711.93
12/21/18,6721.17
12/24/18,6685.99
12/25/18,6685.99
12/26/18,6685.99
12/27/18,6584.68
12/28/18,6733.97
12/31/18,6728.13
1/1/19,6728.13
1/2/19,6734.23
1/3/19,6692.66
1/4/19,6837.42
1/7/19,6810.88
1/8/19,6861.6
1/9/19,6906.63
1/10/19,6942.87
1/11/19,6918.18
1/14/19,6855.02
1/15/19,6895.02
1/16/19,6862.68
1/17/19,6834.92
1/18/19,6968.33
1/21/19,6970.59
1/22/19,6901.39
1/23/19,6842.88
1/24/19,6818.95
1/25/19,6809.22
1/28/19,6747.1
1/29/19,6833.93
1/30/19,6941.63
1/31/19,6968.85
2/1/19,7020.22
2/4/19,7034.13
2/5/19,7177.37
2/6/19,7173.09
2/7/19,7093.58
2/8/19,7071.18
2/11/19,7129.11
2/12/19,7133.14
2/13/19,7190.84
2/14/19,7197.01
2/15/19,7236.68
2/18/19,7219.47
2/19/19,7179.17
2/20/19,7228.62
2/21/19,7167.39
2/22/19,7178.6
2/25/19,7183.74
2/26/19,7151.12
2/27/19,7107.2
2/28/19,7074.73
3/1/19,7106.73
3/4/19,7134.39
3/5/19,7183.43
3/6/19,7196
3/7/19,7157.55
3/8/19,7104.31
3/11/19,7130.62
3/12/19,7151.15
3/13/19,7159.19
3/14/19,7185.43
3/15/19,7228.28
3/18/19,7299.19
3/19/19,7324
3/20/19,7291.01
3/21/19,7355.31
3/22/19,7207.59
3/25/19,7177.58
3/26/19,7196.29
3/27/19,7194.19
3/28/19,7234.33
3/29/19,7279.19
4/1/19,7317.38
4/2/19,7391.12
4/3/19,7418.28
4/4/19,7401.94
4/5/19,7446.87
4/8/19,7451.89
4/9/19,7425.57
4/10/19,7421.91
4/11/19,7417.95
4/12/19,7437.06
4/15/19,7436.87
4/16/19,7469.92
4/17/19,7471.32
4/18/19,7459.88
4/19/19,7459.88
4/22/19,7459.88
4/23/19,7523.07
4/24/19,7471.75
4/25/19,7434.13
4/26/19,7428.19
4/29/19,7440.66
4/30/19,7418.22
5/1/19,7385.26
5/2/19,7351.31
5/3/19,7380.64
5/7/19,7260.47
5/8/19,7271
5/9/19,7207.41
5/10/19,7203.29
5/13/19,7163.68
5/14/19,7241.6
5/15/19,7296.95
5/16/19,7353.51
5/17/19,7348.62
5/20/19,7310.88
5/21/19,7328.92
5/22/19,7334.19
5/23/19,7231.04
5/24/19,7277.73
5/28/19,7268.95
5/29/19,7185.3
5/30/19,7218.16
5/31/19,7161.71
6/3/19,7184.8
6/4/19,7214.29
6/5/19,7220.22
6/6/19,7259.85
6/7/19,7331.94
6/10/19,7375.54
6/11/19,7398.45
6/12/19,7367.62
6/13/19,7368.57
6/14/19,7345.78
6/17/19,7357.31
6/18/19,7443.04
6/19/19,7403.54
6/20/19,7424.44
6/21/19,7407.5
6/24/19,7416.69
6/25/19,7422.43
6/26/19,7416.39
6/27/19,7402.33
6/28/19,7425.63
7/1/19,7497.5
7/2/19,7559.19
7/3/19,7609.32
7/4/19,7603.58
7/5/19,7553.14
7/8/19,7549.27
7/9/19,7536.47
7/10/19,7530.69
7/11/19,7509.82
7/12/19,7505.97
7/15/19,7531.72
7/16/19,7577.2
7/17/19,7535.46
7/18/19,7493.09
7/19/19,7508.7
7/22/19,7514.93
7/23/19,7556.86
7/24/19,7501.46
7/25/19,7489.05
7/26/19,7549.06
7/29/19,7686.61
7/30/19,7646.77
7/31/19,7586.78
8/1/19,7584.87
8/2/19,7407.06
8/5/19,7223.85
8/6/19,7171.69
8/7/19,7198.7
8/8/19,7285.9
8/9/19,7253.85
8/12/19,7226.72
8/13/19,7250.9
8/14/19,7147.88
8/15/19,7067.01
8/16/19,7117.15
8/19/19,7189.65
8/20/19,7125
8/21/19,7203.97
8/22/19,7128.18
8/23/19,7094.98
8/27/19,7089.58
8/28/19,7114.71
8/29/19,7184.32
8/30/19,7207.18
9/2/19,7281.94
9/3/19,7268.19
9/4/19,7311.26
9/5/19,7271.17
9/6/19,7282.34
9/9/19,7235.81
9/10/19,7267.95
9/11/19,7338.03
9/12/19,7344.67
9/13/19,7367.46
9/16/19,7321.41
9/17/19,7320.4
9/18/19,7314.05
9/19/19,7356.42
9/20/19,7344.92
9/23/19,7326.08
9/24/19,7291.43
9/25/19,7289.99
9/26/19,7351.08
9/27/19,7426.21
9/30/19,7408.21
10/1/19,7360.32
10/2/19,7122.54
10/3/19,7077.64
10/4/19,7155.38
10/7/19,7197.88
10/8/19,7143.15
10/9/19,7166.5
10/10/19,7186.36
10/11/19,7247.08
10/14/19,7213.45
10/15/19,7211.64
10/16/19,7167.95
10/17/19,7182.32
10/18/19,7150.57
10/21/19,7163.64
10/22/19,7212.49
10/23/19,7260.74
10/24/19,7328.25
10/25/19,7324.47
10/28/19,7331.28
10/29/19,7306.26
10/30/19,7330.78
10/31/19,7248.38
11/1/19,7302.42
11/4/19,7369.69
11/5/19,7388.08
11/6/19,7396.65
11/7/19,7406.41
11/8/19,7359.38
11/11/19,7328.54
11/12/19,7365.44
11/13/19,7351.21
11/14/19,7292.76
11/15/19,7302.94
11/18/19,7307.7
11/19/19,7323.8
11/20/19,7262.49
11/21/19,7238.55
11/22/19,7326.81
11/25/19,7396.29
11/26/19,7403.14
11/27/19,7429.78
11/28/19,7416.43
11/29/19,7346.53
12/2/19,7285.94
12/3/19,7158.76
12/4/19,7188.5
12/5/19,7137.85
12/6/19,7239.66
12/9/19,7233.9
12/10/19,7213.76
12/11/19,7216.25
12/12/19,7273.47
12/13/19,7353.44
12/16/19,7519.05
12/17/19,7525.28
12/18/19,7540.75
12/19/19,7573.82
12/20/19,7582.48
12/23/19,7623.59
12/24/19,7632.24
12/25/19,7632.24
12/26/19,7632.24
12/27/19,7644.9
12/30/19,7587.05
12/31/19,7542.44
1/1/20,7542.44
1/2/20,7604.3
1/3/20,7622.4
1/6/20,7575.34
1/7/20,7573.85
1/8/20,7574.93
1/9/20,7598.12
1/10/20,7587.85
1/13/20,7617.6
1/14/20,7622.35
1/15/20,7642.8
1/16/20,7609.81
1/17/20,7674.56
1/20/20,7651.44
1/21/20,7610.7
1/22/20,7571.92
1/23/20,7507.67
1/24/20,7585.98
1/27/20,7412.05
1/28/20,7480.69
1/29/20,7483.57
1/30/20,7381.96
1/31/20,7286.01
2/3/20,7326.31
2/4/20,7439.82
2/5/20,7482.48
2/6/20,7504.79
2/7/20,7466.7
2/10/20,7446.88
2/11/20,7499.44
2/12/20,7534.37
2/13/20,7452.03
2/14/20,7409.13
2/17/20,7433.25
2/18/20,7382.01
2/19/20,7457.02
2/20/20,7436.64
2/21/20,7403.92
2/24/20,7156.83
2/25/20,7017.88
2/26/20,7042.47
2/27/20,6796.4
2/28/20,6580.61
3/2/20,6654.89
3/3/20,6718.2
3/4/20,6815.59
3/5/20,6705.43
3/6/20,6462.55
3/9/20,5965.77
3/10/20,5960.23
3/11/20,5876.52
3/12/20,5237.48
3/13/20,5366.11
3/16/20,5151.08
3/17/20,5294.9
3/18/20,5080.58
3/19/20,5151.61
3/20/20,5190.78
3/23/20,4993.89
3/24/20,5446.01
3/25/20,5688.2
3/26/20,5815.73
3/27/20,5510.33
3/30/20,5563.74
3/31/20,5671.96
4/1/20,5454.57
4/2/20,5480.22
4/3/20,5415.5
4/6/20,5582.39
4/7/20,5704.45
4/8/20,5677.73
4/9/20,5842.66
4/10/20,5842.66
4/13/20,5842.66
4/14/20,5791.31
4/15/20,5597.65
4/16/20,5628.43
4/17/20,5786.96
4/20/20,5812.83
4/21/20,5641.03
4/22/20,5770.63
4/23/20,5826.61
4/24/20,5752.23
4/27/20,5846.79
4/28/20,5958.5
4/29/20,6115.25
4/30/20,5901.21
5/1/20,5763.06
5/4/20,5753.78
5/5/20,5849.42
5/6/20,5853.76
5/7/20,5935.98
5/11/20,5939.73
5/12/20,5994.77
5/13/20,5904.05
5/14/20,5741.54
5/15/20,5799.77
5/18/20,6048.59
5/19/20,6002.23
5/20/20,6067.16
5/21/20,6015.25
5/22/20,5993.28
5/26/20,6067.76
5/27/20,6144.25
5/28/20,6218.79
5/29/20,6076.6
6/1/20,6166.42
6/2/20,6220.14
6/3/20,6382.41
6/4/20,6341.44
6/5/20,6484.3
6/8/20,6472.59
6/9/20,6335.72
6/10/20,6329.13
6/11/20,6076.7
6/12/20,6105.18
6/15/20,6064.7
6/16/20,6242.79
6/17/20,6253.25
6/18/20,6224.07
6/19/20,6292.6
6/22/20,6244.62
6/23/20,6320.12
6/24/20,6123.69
6/25/20,6147.14
6/26/20,6159.3
6/29/20,6225.77
6/30/20,6169.74
7/1/20,6157.96
7/2/20,6240.36
7/3/20,6157.3
7/6/20,6285.94
7/7/20,6189.9
7/8/20,6156.16
7/9/20,6049.62
7/10/20,6095.41
7/13/20,6176.19
7/14/20,6179.75
7/15/20,6292.65
7/16/20,6250.69
7/17/20,6290.3
7/20/20,6261.52
7/21/20,6269.73
7/22/20,6207.1
7/23/20,6211.44
7/24/20,6123.82
7/27/20,6104.88
7/28/20,6129.26
7/29/20,6131.46
7/30/20,5989.99
7/31/20,5897.76
8/3/20,6032.85
8/4/20,6036
8/5/20,6104.72
8/6/20,6026.94
8/7/20,6032.18
8/10/20,6050.59
8/11/20,6154.34
8/12/20,6280.12
8/13/20,6185.62
8/14/20,6090.04
8/17/20,6127.44
8/18/20,6076.62
8/19/20,6111.98
8/20/20,6013.34
8/21/20,6001.89
8/24/20,6104.73
8/25/20,6037.01
8/26/20,6045.6
8/27/20,5999.99
8/28/20,5963.57
9/1/20,5862.05
9/2/20,5940.95
9/3/20,5850.86
9/4/20,5799.08
9/7/20,5937.4
9/8/20,5930.3
9/9/20,6012.84
9/10/20,6003.32
9/11/20,6032.09
9/14/20,6026.25
9/15/20,6105.54
9/16/20,6078.48
9/17/20,6049.92
9/18/20,6007.05
9/21/20,5804.29
9/22/20,5829.46
9/23/20,5899.26
9/24/20,5822.78
9/25/20,5842.67
9/28/20,5927.93
9/29/20,5897.5
9/30/20,5866.1
10/1/20,5879.45
10/2/20,5902.12
10/5/20,5942.94
10/6/20,5949.94
10/7/20,5946.25
10/8/20,5978.03
10/9/20,6016.65
10/12/20,6001.38
10/13/20,5969.71
10/14/20,5935.06
10/15/20,5832.52
10/16/20,5919.58
10/19/20,5884.65
10/20/20,5889.22
10/21/20,5776.5
10/22/20,5785.65
10/23/20,5860.28
10/26/20,5792.01
10/27/20,5728.99
10/28/20,5582.8
10/29/20,5581.75
10/30/20,5577.27
11/2/20,5654.97
11/3/20,5786.77
11/4/20,5883.26
11/5/20,5906.18
11/6/20,5910.02
11/9/20,6186.29
11/10/20,6296.85
11/11/20,6382.1
11/12/20,6338.94
11/13/20,6316.39
11/16/20,6421.29
11/17/20,6365.33
11/18/20,6385.24
11/19/20,6334.35
11/20/20,6351.45
11/23/20,6333.84
11/24/20,6432.17
11/25/20,6391.09
11/26/20,6362.93
11/27/20,6367.58
11/30/20,6266.19
12/1/20,6384.73
12/2/20,6463.39
12/3/20,6490.27
12/4/20,6550.23
12/7/20,6555.39
12/8/20,6558.82
12/9/20,6564.29
12/10/20,6599.76
12/11/20,6546.75
12/14/20,6531.83
12/15/20,6513.32
12/16/20,6570.91
12/17/20,6551.06
12/18/20,6529.18
12/21/20,6416.32
12/22/20,6453.16
12/23/20,6495.75
12/24/20,6502.11
12/29/20,6602.65
12/30/20,6555.82
12/31/20,6460.52
1/4/21,6571.88
1/5/21,6612.25
1/6/21,6841.86
1/7/21,6856.96
1/8/21,6873.26
1/11/21,6798.48
1/12/21,6754.11
1/13/21,6745.52
1/14/21,6801.96
1/15/21,6735.71
1/18/21,6720.65
1/19/21,6712.95
1/20/21,6740.39
1/21/21,6715.42
1/22/21,6695.07
1/25/21,6638.85
1/26/21,6654.01
1/27/21,6567.37
1/28/21,6526.15
1/29/21,6407.46
2/1/21,6466.42
2/2/21,6516.65
2/3/21,6507.82
2/4/21,6503.72
2/5/21,6489.33
2/8/21,6523.53
2/9/21,6531.56
2/10/21,6524.36
2/11/21,6528.72
2/12/21,6589.79
2/15/21,6756.11
2/16/21,6748.86
2/17/21,6710.9
2/18/21,6617.15
2/19/21,6624.02
2/22/21,6612.24
2/23/21,6625.94
2/24/21,6658.97
2/25/21,6651.96
2/26/21,6483.43
3/1/21,6588.53
3/2/21,6613.75
3/3/21,6675.47
3/4/21,6650.88
3/5/21,6630.52
3/8/21,6719.13
3/9/21,6730.34
3/10/21,6725.6
3/11/21,6736.96
3/12/21,6761.47
3/15/21,6749.7
3/16/21,6803.61
3/17/21,6762.67
3/18/21,6779.68
3/19/21,6708.71
3/22/21,6726.1
3/23/21,6699.19
3/24/21,6712.89
3/25/21,6674.83
3/26/21,6740.59
3/29/21,6736.17
3/30/21,6772.12
3/31/21,6713.63
4/1/21,6737.3
4/2/21,6737.3
4/5/21,6737.3
4/6/21,6823.55
4/7/21,6885.32
4/8/21,6942.22
4/9/21,6915.75
4/12/21,6889.12
4/13/21,6890.49
4/14/21,6939.58
4/15/21,6983.5
4/16/21,7019.53
4/19/21,7000.08
4/20/21,6859.87
4/21/21,6895.29
4/22/21,6938.24
4/23/21,6938.56
4/26/21,6963.12
4/27/21,6944.97
4/28/21,6963.67
4/29/21,6961.48
4/30/21,6969.81