Date,Open_STI,Close_STI
1/4/16,2889.22998,2835.969971
1/5/16,2836.800049,2834.22998
1/6/16,2838.560059,2804.27002
1/7/16,2797.179932,2729.909912
1/8/16,2710.330078,2751.22998
1/11/16,2725.100098,2708.850098
1/12/16,2709.570068,2691.780029
1/13/16,2712.689941,2696.5
1/14/16,2655.050049,2644.570068
1/15/16,2656.870117,2630.76001
1/18/16,2593.600098,2593
1/19/16,2585.98999,2638.469971
1/20/16,2612.530029,2559.77002
1/21/16,2581.110107,2532.699951
1/22/16,2578.98999,2577.090088
1/25/16,2601.840088,2582.639893
1/26/16,2565.810059,2545.610107
1/27/16,2579.139893,2546.179932
1/28/16,2541.570068,2562.449951
1/29/16,2569.76001,2629.110107
2/1/16,2637.050049,2602.409912
2/2/16,2587.22998,2579.22998
2/3/16,2551.22998,2550.73999
2/4/16,2561.909912,2558.48999
2/5/16,2569.080078,2623.209961
2/10/16,2559.639893,2582.100098
2/11/16,2556.52002,2538.280029
2/12/16,2536.550049,2539.949951
2/15/16,2565.949951,2607.899902
2/16/16,2602.830078,2644.580078
2/17/16,2652.550049,2613.790039
2/18/16,2646.679932,2657.570068
2/19/16,2660.620117,2656.870117
2/22/16,2653.790039,2660.649902
2/23/16,2680.040039,2672.070068
2/24/16,2654.649902,2619.959961
2/25/16,2639.97998,2603.399902
2/26/16,2626.629883,2649.379883
2/29/16,2666.070068,2666.51001
3/1/16,2666.709961,2682.389893
3/2/16,2718.27002,2726.959961
3/3/16,2735.419922,2787.620117
3/4/16,2792.959961,2837
3/7/16,2843.659912,2823.51001
3/8/16,2821.98999,2778.77002
3/9/16,2783.639893,2810.429932
3/10/16,2828.139893,2809.120117
3/11/16,2807.939941,2828.860107
3/14/16,2849.409912,2847.060059
3/15/16,2851.919922,2839.439941
3/16/16,2845.090088,2844.209961
3/17/16,2872.129883,2880.169922
3/18/16,2888.75,2906.800049
3/21/16,2905.48999,2880.689941
3/22/16,2884.840088,2880.649902
3/23/16,2888.669922,2881.97998
3/24/16,2875.189941,2847.389893
3/28/16,2851.389893,2830.290039
3/29/16,2836.419922,2819.080078
3/30/16,2839.659912,2872.780029
3/31/16,2832.629883,2840.899902
4/1/16,2820.659912,2818.48999
4/4/16,2826.419922,2835.350098
4/5/16,2810.540039,2800.919922
4/6/16,2798.919922,2811.25
4/7/16,2817.800049,2813.590088
4/8/16,2789.590088,2808.320068
4/11/16,2797.360107,2809.23999
4/12/16,2810.72998,2814.649902
4/13/16,2838.179932,2890.409912
4/14/16,2910.129883,2913.929932
4/15/16,2917.350098,2923.939941
4/18/16,2901.399902,2917.75
4/19/16,2930.419922,2951.810059
4/20/16,2955.070068,2949.949951
4/21/16,2952.129883,2960.780029
4/22/16,2936.580078,2940.429932
4/25/16,2930.610107,2900.280029
4/26/16,2888.379883,2894.659912
4/27/16,2890.409912,2874.719971
4/28/16,2892.850098,2862.300049
4/29/16,2860.070068,2838.52002
5/3/16,2842.860107,2811.199951
5/4/16,2786.350098,2773.070068
5/5/16,2754.639893,2767.810059
5/6/16,2747.060059,2730.800049
5/9/16,2745.360107,2766.060059
5/10/16,2746.469971,2741.149902
5/11/16,2758.97998,2732.870117
5/12/16,2729.139893,2745.389893
5/13/16,2735.689941,2734.909912
5/16/16,2726.310059,2736.060059
5/17/16,2744.26001,2781.110107
5/18/16,2764.110107,2777.110107
5/19/16,2771.219971,2740.110107
5/20/16,2744.379883,2763.820068
5/23/16,2761.790039,2766.929932
5/24/16,2760.73999,2750.22998
5/25/16,2786.179932,2766.659912
5/26/16,2783.850098,2773.310059
5/27/16,2782.040039,2802.51001
5/30/16,2796.149902,2796.75
5/31/16,2829.330078,2791.060059
6/1/16,2787.98999,2790.540039
6/2/16,2789.149902,2795.090088
6/3/16,2808.51001,2809.22998
6/6/16,2819.070068,2831.280029
6/7/16,2844.800049,2848.090088
6/8/16,2857.459961,2862.379883
6/9/16,2871.790039,2843.800049
6/10/16,2850.050049,2822.969971
6/13/16,2786.350098,2785.429932
6/14/16,2770.959961,2768.330078
6/15/16,2760.800049,2774.25
6/16/16,2768.949951,2751.560059
6/17/16,2770.629883,2763.419922
6/20/16,2785.159912,2800.870117
6/21/16,2801.73999,2789.449951
6/22/16,2797.330078,2786.129883
6/23/16,2806.840088,2793.850098
6/24/16,2807.709961,2735.389893
6/27/16,2722.159912,2729.850098
6/28/16,2705.070068,2756.530029
6/29/16,2769.060059,2792.72998
6/30/16,2880.719971,2840.929932
7/1/16,2848.449951,2846.370117
7/4/16,2855.360107,2870.560059
7/5/16,2870.840088,2864.669922
7/7/16,2859.810059,2862.169922
7/8/16,2859.469971,2847.040039
7/11/16,2882.280029,2876.139893
7/12/16,2882.949951,2901.820068
7/13/16,2914.790039,2910.649902
7/14/16,2910.850098,2906.919922
7/15/16,2932.350098,2925.350098
7/18/16,2930.639893,2928.76001
7/19/16,2927.51001,2919.540039
7/20/16,2934.72998,2945.73999
7/21/16,2946.370117,2940.47998
7/22/16,2925.639893,2945.350098
7/25/16,2951.340088,2929.850098
7/26/16,2917.169922,2933.439941
7/27/16,2935.580078,2941.48999
7/28/16,2928.580078,2918.620117
7/29/16,2887.350098,2868.689941
8/1/16,2875.590088,2892.52002
8/2/16,2869.939941,2856.669922
8/3/16,2828.52002,2827.580078
8/4/16,2839.110107,2831.959961
8/5/16,2837.649902,2828.169922
8/8/16,2850.860107,2870.780029
8/10/16,2876.399902,2875.570068
8/11/16,2858.600098,2869.820068
8/12/16,2881.340088,2867.399902
8/15/16,2857.719971,2867.209961
8/16/16,2879.120117,2858.800049
8/17/16,2855.570068,2843.350098
8/18/16,2840.090088,2836.97998
8/19/16,2848.439941,2844.02002
8/22/16,2843.76001,2841.189941
8/23/16,2841.600098,2850.429932
8/24/16,2845.300049,2869.570068
8/25/16,2868.639893,2876.929932
8/26/16,2876.580078,2857.649902
8/29/16,2844.209961,2829.429932
8/30/16,2846.179932,2828.389893
8/31/16,2822.679932,2820.590088
9/1/16,2821.929932,2816.469971
9/2/16,2807.429932,2803.919922
9/5/16,2828.48999,2851.73999
9/6/16,2856.469971,2896.550049
9/7/16,2899.02002,2893.649902
9/8/16,2894.379883,2894.47998
9/9/16,2878.300049,2873.330078
9/13/16,2829.409912,2818.379883
9/14/16,2819.340088,2809.350098
9/15/16,2798.429932,2805.52002
9/16/16,2810.429932,2827.449951
9/19/16,2830.669922,2852.139893
9/20/16,2844.320068,2854.689941
9/21/16,2845.280029,2850.73999
9/22/16,2876.350098,2846.060059
9/23/16,2853.649902,2856.949951
9/26/16,2851.73999,2849.939941
9/27/16,2833.040039,2860.22998
9/28/16,2863.379883,2858.01001
9/29/16,2870.090088,2885.709961
9/30/16,2859.699951,2869.469971
10/3/16,2879.850098,2870.840088
10/4/16,2871.169922,2884.639893
10/5/16,2871.48999,2881.790039
10/6/16,2896.550049,2885.219971
10/7/16,2890.689941,2875.23999
10/10/16,2869.850098,2870.23999
10/11/16,2872.790039,2856.129883
10/12/16,2841.040039,2813.709961
10/13/16,2805.169922,2805.47998
10/14/16,2805.050049,2815.23999
10/17/16,2811.419922,2817.070068
10/18/16,2815.72998,2830.629883
10/19/16,2830.070068,2844.620117
10/20/16,2853.820068,2842.620117
10/21/16,2842.459961,2831.060059
10/24/16,2842.459961,2856.679932
10/25/16,2854.360107,2854.050049
10/26/16,2845.530029,2828.570068
10/27/16,2831.139893,2828.939941
10/28/16,2823.709961,2816.26001
10/31/16,2795.129883,2813.870117
11/1/16,2814.080078,2813.689941
11/2/16,2799.129883,2807.139893
11/3/16,2801.600098,2802.080078
11/4/16,2797.629883,2788.800049
11/7/16,2800.530029,2800.949951
11/8/16,2813.909912,2820.23999
11/9/16,2837,2789.879883
11/10/16,2822.870117,2834.090088
11/11/16,2822.120117,2814.600098
11/14/16,2807.340088,2787.27002
11/15/16,2778.72998,2797.550049
11/16/16,2803.629883,2793.98999
11/17/16,2797.929932,2813.47998
11/18/16,2817.449951,2838.649902
11/21/16,2836.899902,2816.669922
11/22/16,2835.909912,2822.199951
11/23/16,2834.110107,2839.689941
11/24/16,2834.399902,2843.719971
11/25/16,2845.469971,2859.330078
11/28/16,2864.110107,2874.649902
11/29/16,2881.780029,2879.139893
11/30/16,2915.419922,2905.169922
12/1/16,2913.649902,2928.580078
12/2/16,2930.340088,2919.370117
12/5/16,2918.889893,2943.050049
12/6/16,2943.300049,2949.120117
12/7/16,2957.419922,2959.840088
12/8/16,2965.330078,2958.860107
12/9/16,2957.530029,2956.129883
12/12/16,2960.120117,2952.189941
12/13/16,2952.840088,2955.22998
12/14/16,2963.280029,2954.060059
12/15/16,2938.149902,2930.77002
12/16/16,2934.290039,2937.860107
12/19/16,2930.01001,2913.080078
12/20/16,2917.110107,2911.310059
12/21/16,2912.379883,2901.699951
12/22/16,2899.649902,2882.040039
12/23/16,2869.449951,2871.050049
12/27/16,2861.600098,2885.76001
12/28/16,2885.679932,2898.300049
12/29/16,2885.159912,2889.149902
12/30/16,2898.26001,2880.76001
1/3/17,2887,2898.969971
1/4/17,2897.179932,2921.310059
1/5/17,2941.469971,2954.139893
1/6/17,2964.820068,2962.629883
1/9/17,2962.129883,2981.540039
1/10/17,2972.929932,3006.02002
1/11/17,3009.72998,3000.939941
1/12/17,3010.709961,2993
1/13/17,3001.060059,3025.070068
1/16/17,3024.610107,3013.120117
1/17/17,3009.919922,3012.77002
1/18/17,3000.800049,3000.219971
1/19/17,3004.290039,3008.219971
1/20/17,3006.439941,3011.080078
1/23/17,3010.860107,3025.47998
1/24/17,3024.669922,3041.949951
1/25/17,3057.97998,3039.939941
1/26/17,3049.860107,3051.780029
1/27/17,3064.550049,3064.850098
1/31/17,3053.699951,3046.800049
2/1/17,3045.939941,3067.48999
2/2/17,3063.949951,3044.080078
2/3/17,3047.080078,3041.939941
2/6/17,3047.689941,3056.909912
2/7/17,3053.050049,3071.639893
2/8/17,3069.199951,3066.530029
2/9/17,3067.139893,3079.959961
2/10/17,3090.560059,3100.389893
2/13/17,3107.639893,3111.629883
2/14/17,3093.909912,3072.469971
2/15/17,3081.300049,3088.47998
2/16/17,3088.840088,3096.689941
2/17/17,3099.199951,3107.649902
2/20/17,3106.810059,3096.689941
2/21/17,3100.929932,3094.189941
2/22/17,3104.120117,3122.199951
2/23/17,3119.810059,3137.570068
2/24/17,3136.23999,3117.030029
2/27/17,3101.179932,3108.620117
2/28/17,3095.47998,3096.610107
3/1/17,3106.300049,3122.77002
3/2/17,3147.969971,3136.47998
3/3/17,3121.199951,3122.340088
3/6/17,3121.959961,3121.51001
3/7/17,3121.179932,3130.439941
3/8/17,3128.449951,3145.290039
3/9/17,3135.709961,3118.840088
3/10/17,3114.75,3133.350098
3/13/17,3139.040039,3147.149902
3/14/17,3147.939941,3143.399902
3/15/17,3133.409912,3137.429932
3/16/17,3155.320068,3163.52002
3/17/17,3168.919922,3169.379883
3/20/17,3162.209961,3165.699951
3/21/17,3170.47998,3158.570068
3/22/17,3128.26001,3118.189941
3/23/17,3125.179932,3126.929932
3/24/17,3129.179932,3142.899902
3/27/17,3122.050049,3126.879883
3/28/17,3139.800049,3157.820068
3/29/17,3166.77002,3184.570068
3/30/17,3184.439941,3173.23999
3/31/17,3172.060059,3175.110107
4/3/17,3180.27002,3187.51001
4/4/17,3182.320068,3179.060059
4/5/17,3176.909912,3176.550049
4/6/17,3167.600098,3175.590088
4/7/17,3171.219971,3177.27002
4/10/17,3177.27002,3181.449951
4/11/17,3180.02002,3174.75
4/12/17,3170.580078,3186.01001
4/13/17,3162.52002,3169.23999
4/17/17,3159.189941,3138.300049
4/18/17,3159.879883,3137.540039
4/19/17,3129.73999,3126.280029
4/20/17,3119.919922,3137.879883
4/21/17,3150.090088,3139.830078
4/24/17,3156.889893,3144.030029
4/25/17,3145.26001,3163.929932
4/26/17,3164.120117,3173.76001
4/27/17,3172.840088,3171.360107
4/28/17,3172.909912,3175.439941
5/2/17,3183.429932,3211.110107
5/3/17,3224.209961,3237.810059
5/4/17,3236.139893,3228.620117
5/5/17,3228.27002,3229.72998
5/8/17,3240.439941,3236.97998
5/9/17,3247.409912,3249.969971
5/11/17,3261.080078,3271.110107
5/12/17,3267.969971,3255.290039
5/15/17,3262.26001,3264.209961
5/16/17,3259.139893,3227.709961
5/17/17,3220.469971,3224.100098
5/18/17,3192.790039,3221.659912
5/19/17,3217.840088,3216.919922
5/22/17,3216.179932,3213.570068
5/23/17,3220.860107,3222.689941
5/24/17,3230.600098,3231.23999
5/25/17,3231.300049,3234.370117
5/26/17,3227.379883,3219.419922
5/29/17,3217.25,3214.550049
5/30/17,3215.709961,3204.790039
5/31/17,3202.120117,3210.820068
6/1/17,3214.120117,3235.959961
6/2/17,3242.72998,3240.01001
6/5/17,3242.350098,3238.310059
6/6/17,3237.51001,3235.75
6/7/17,3237.610107,3230.48999
6/8/17,3236.409912,3237.050049
6/9/17,3243.030029,3254.189941
6/12/17,3256.709961,3248.340088
6/13/17,3253.570068,3257.52002
6/14/17,3262.820068,3253.429932
6/15/17,3243.939941,3232.090088
6/16/17,3235.179932,3231.439941
6/19/17,3239.080078,3247.179932
6/20/17,3249.419922,3230.419922
6/21/17,3213.669922,3201.77002
6/22/17,3206.110107,3215.550049
6/23/17,3223.600098,3209.469971
6/27/17,3216.570068,3219.530029
6/28/17,3217.5,3215.699951
6/29/17,3234.360107,3258.649902
6/30/17,3243.790039,3226.47998
7/3/17,3228.909912,3223.459961
7/4/17,3231.26001,3211.169922
7/5/17,3209.860107,3248.709961
7/6/17,3248.889893,3226.340088
7/7/17,3219.419922,3229.01001
7/10/17,3237.419922,3246.350098
7/11/17,3248.550049,3218.800049
7/12/17,3219.669922,3208.909912
7/13/17,3219.179932,3235.669922
7/14/17,3240.179932,3287.429932
7/17/17,3296.459961,3298.23999
7/18/17,3291.709961,3306.080078
7/19/17,3303.01001,3325.070068
7/20/17,3326.820068,3293.129883
7/21/17,3292.840088,3314.120117
7/24/17,3307.179932,3310.800049
7/25/17,3314.290039,3327.830078
7/26/17,3336.76001,3336.719971
7/27/17,3342.77002,3354.709961
7/28/17,3342.419922,3330.75
7/31/17,3338.169922,3329.52002
8/1/17,3321.5,3338.199951
8/2/17,3337.570068,3348.800049
8/3/17,3335.669922,3342.919922
8/4/17,3346.620117,3326.52002
8/7/17,3329.429932,3320.669922
8/8/17,3325.280029,3318.080078
8/10/17,3322.070068,3323.23999
8/11/17,3293.75,3279.719971
8/14/17,3296.439941,3308.689941
8/15/17,3319.840088,3294.929932
8/16/17,3281.800049,3278.949951
8/17/17,3267.350098,3268.879883
8/18/17,3256.25,3251.98999
8/21/17,3254.879883,3246.98999
8/22/17,3254.389893,3263.790039
8/23/17,3266.290039,3260.050049
8/24/17,3267.570068,3272.159912
8/25/17,3276.409912,3259.570068
8/28/17,3255.52002,3267.620117
8/29/17,3255.870117,3249.340088
8/30/17,3259.129883,3265.26001
8/31/17,3288.560059,3277.26001
9/4/17,3274.389893,3230.969971
9/5/17,3238.030029,3251.26001
9/6/17,3250.379883,3232.469971
9/7/17,3241.939941,3228.060059
9/8/17,3226.649902,3228.560059
9/11/17,3239.290039,3228.51001
9/12/17,3240.679932,3235.689941
9/13/17,3234.840088,3230.360107
9/14/17,3229.159912,3220.949951
9/15/17,3211.27002,3209.560059
9/18/17,3230.379883,3241.850098
9/19/17,3249.280029,3225.949951
9/20/17,3220.77002,3218.070068
9/21/17,3207.610107,3213.820068
9/22/17,3206.51001,3220.25
9/25/17,3231.860107,3215.909912
9/26/17,3212.929932,3212.040039
9/27/17,3207.300049,3236.149902
9/28/17,3242.949951,3227.139893
9/29/17,3222.719971,3219.909912
10/2/17,3233.949951,3262.100098
10/3/17,3269.48999,3246.080078
10/4/17,3245.350098,3236.649902
10/5/17,3235.290039,3261.840088
10/6/17,3267.800049,3291.290039
10/9/17,3296.48999,3291.560059
10/10/17,3292.370117,3288.949951
10/11/17,3294.629883,3280.280029
10/12/17,3292.899902,3303.090088
10/13/17,3304.810059,3319.110107
10/16/17,3323.23999,3323.060059
10/17/17,3328.600098,3329.030029
10/19/17,3340.419922,3334.909912
10/20/17,3343.139893,3340.72998
10/23/17,3348.659912,3349.800049
10/24/17,3348.449951,3334.669922
10/25/17,3328.820068,3343.879883
10/26/17,3331.679932,3356.25
10/27/17,3361.209961,3386.439941
10/30/17,3385.600098,3375.969971
10/31/17,3364,3374.080078
11/1/17,3377.189941,3391.610107
11/2/17,3384.080078,3380.5
11/3/17,3382.25,3382.310059
11/6/17,3380.360107,3381.850098
11/7/17,3389.889893,3413.100098
11/8/17,3409.330078,3421.25
11/9/17,3420.26001,3423.909912
11/10/17,3409.570068,3420.100098
11/13/17,3414.919922,3419.129883
11/14/17,3422.040039,3399.090088
11/15/17,3390.959961,3368.699951
11/16/17,3368.949951,3341.300049
11/17/17,3365.699951,3382.379883
11/20/17,3382.580078,3386.590088
11/21/17,3394.159912,3423.379883
11/22/17,3433.72998,3430.02002
11/23/17,3439.040039,3423.169922
11/24/17,3430.080078,3442.149902
11/27/17,3442.889893,3436.360107
11/28/17,3435.709961,3442.350098
11/29/17,3447.800049,3438.98999
11/30/17,3429.070068,3433.540039
12/1/17,3441.850098,3449.540039
12/4/17,3449.47998,3438.469971
12/5/17,3435.889893,3438.060059
12/6/17,3426.590088,3397.209961
12/7/17,3401.580078,3388.139893
12/8/17,3394.389893,3424.639893
12/11/17,3430.199951,3460.449951
12/12/17,3459.649902,3465.540039
12/13/17,3459.929932,3468.77002
12/14/17,3469.280029,3435.780029
12/15/17,3416.290039,3416.939941
12/18/17,3422.899902,3414.820068
12/19/17,3422.01001,3404.469971
12/20/17,3403.699951,3394.870117
12/21/17,3389.179932,3382.530029
12/22/17,3390.300049,3385.709961
12/26/17,3383.97998,3378.159912
12/27/17,3383.379883,3391.669922
12/28/17,3391.610107,3399.100098
12/29/17,3400.909912,3402.919922
1/2/18,3406.47998,3430.300049
1/3/18,3434.699951,3464.280029
1/4/18,3476.429932,3501.159912
1/5/18,3502.340088,3489.449951
1/8/18,3498.620117,3512.179932
1/9/18,3514.76001,3524.649902
1/10/18,3518.76001,3520.449951
1/11/18,3523.939941,3512.679932
1/12/18,3527.550049,3520.560059
1/15/18,3532.01001,3536.409912
1/16/18,3537.080078,3550.209961
1/17/18,3543.360107,3541.909912
1/18/18,3555.540039,3521.310059
1/19/18,3515.52002,3550.360107
1/22/18,3551.959961,3569.429932
1/23/18,3577.219971,3592.080078
1/24/18,3591.47998,3609.23999
1/25/18,3609.52002,3572.620117
1/26/18,3574.090088,3567.139893
1/29/18,3577.419922,3577.070068
1/30/18,3563.939941,3548.73999
1/31/18,3531.469971,3533.98999
2/1/18,3536.929932,3547.22998
2/2/18,3545.179932,3529.820068
2/5/18,3483.070068,3482.929932
2/6/18,3414,3406.379883
2/7/18,3445.830078,3383.77002
2/8/18,3421.300049,3415.899902
2/9/18,3354.840088,3377.23999
2/12/18,3384.97998,3384.97998
2/13/18,3404.070068,3415.070068
2/14/18,3431.610107,3402.860107
2/15/18,3415.969971,3443.51001
2/19/18,3462.110107,3487.879883
2/20/18,3483.350098,3476.530029
2/21/18,3474.340088,3516.22998
2/22/18,3503.090088,3488.459961
2/23/18,3509.050049,3533.219971
2/26/18,3543.27002,3555.850098
2/27/18,3566.969971,3540.389893
2/28/18,3565.209961,3517.939941
3/1/18,3493.439941,3513.850098
3/2/18,3479.540039,3479.199951
3/5/18,3490.060059,3438.610107
3/6/18,3475.399902,3491.919922
3/7/18,3467.75,3450.689941
3/8/18,3462.330078,3480.439941
3/9/18,3494.429932,3485.570068
3/12/18,3519.25,3540.189941
3/13/18,3533.530029,3553.72998
3/14/18,3541.389893,3539.409912
3/15/18,3520.810059,3517.72998
3/16/18,3514.699951,3512.139893
3/19/18,3515.949951,3498.290039
3/20/18,3484.419922,3513.310059
3/21/18,3516.320068,3511.129883
3/22/18,3523.830078,3491.370117
3/23/18,3436,3421.389893
3/26/18,3400.949951,3412.459961
3/27/18,3438.540039,3439.350098
3/28/18,3424.100098,3382.780029
3/29/18,3393.860107,3427.969971
4/2/18,3439.040039,3430.76001
4/3/18,3405.310059,3412.149902
4/4/18,3420.850098,3339.699951
4/5/18,3389.189941,3405.649902
4/6/18,3392.76001,3442.5
4/9/18,3432.280029,3449.959961
4/10/18,3438.75,3466.379883
4/11/18,3478.030029,3479.76001
4/12/18,3485.610107,3468.610107
4/13/18,3486.669922,3501.300049
4/16/18,3509.26001,3497.189941
4/17/18,3505.310059,3498.199951
4/18/18,3521.689941,3557.820068
4/19/18,3573.060059,3598.72998
4/20/18,3578.850098,3573.379883
4/23/18,3566.629883,3579.540039
4/24/18,3581.72998,3584.560059
4/25/18,3562.370117,3568.01001
4/26/18,3582.610107,3570.02002
4/27/18,3586.080078,3577.209961
4/30/18,3604.100098,3613.929932
5/2/18,3624.199951,3615.280029
5/3/18,3585.300049,3575.679932
5/4/18,3574.540039,3545.379883
5/7/18,3553.469971,3532.860107
5/8/18,3536.850098,3543.169922
5/9/18,3558.929932,3548.540039
5/10/18,3547.310059,3537.590088
5/11/18,3559.070068,3570.169922
5/14/18,3569.110107,3562.459961
5/15/18,3557.050049,3540.22998
5/16/18,3532.969971,3533.050049
5/17/18,3545.899902,3536.76001
5/18/18,3528.409912,3529.27002
5/21/18,3545.209961,3548.22998
5/22/18,3542.800049,3543.179932
5/23/18,3540.919922,3496.27002
5/24/18,3508.870117,3528.919922
5/25/18,3522.98999,3513.22998
5/28/18,3517.370117,3518.47998
5/30/18,3453.47998,3443.949951
5/31/18,3476.459961,3428.179932
6/1/18,3423.5,3427.51001
6/4/18,3441.199951,3467.47998
6/5/18,3479.780029,3483.159912
6/6/18,3483.320068,3467.810059
6/7/18,3488.25,3473.080078
6/8/18,3460.26001,3436.370117
6/11/18,3450.070068,3441.689941
6/12/18,3438.580078,3430.689941
6/13/18,3429.860107,3392.51001
6/14/18,3380.370117,3356.72998
6/18/18,3314.080078,3324.040039
6/19/18,3324.98999,3301.350098
6/20/18,3309.929932,3315.899902
6/21/18,3315.22998,3300
6/22/18,3289.429932,3287.399902
6/25/18,3279.530029,3260.840088
6/26/18,3245.790039,3280.870117
6/27/18,3281.709961,3254.77002
6/28/18,3245.919922,3257.570068
6/29/18,3269.199951,3268.699951
7/2/18,3277.429932,3238.939941
7/3/18,3245.669922,3235.899902
7/4/18,3230.590088,3244.889893
7/5/18,3247.370117,3256.709961
7/6/18,3232.959961,3191.820068
7/9/18,3197.790039,3228.820068
7/10/18,3250.169922,3274.830078
7/11/18,3239.429932,3249.080078
7/12/18,3247.860107,3253.01001
7/13/18,3257.530029,3260.350098
7/16/18,3260.830078,3232.790039
7/17/18,3240.350098,3239.639893
7/18/18,3251.280029,3240.5
7/19/18,3255.949951,3277.580078
7/20/18,3291.439941,3297.830078
7/23/18,3294.52002,3293.709961
7/24/18,3295.320068,3292.649902
7/25/18,3304.550049,3326.830078
7/26/18,3328.439941,3328.600098
7/27/18,3332.919922,3324.97998
7/30/18,3314.550049,3307.149902
7/31/18,3284.399902,3319.850098
8/1/18,3331.050049,3328.949951
8/2/18,3329.01001,3286.320068
8/3/18,3300.590088,3265.72998
8/6/18,3284.679932,3285.340088
8/7/18,3297.909912,3340
8/8/18,3336.219971,3326.73999
8/10/18,3295.72998,3284.780029
8/13/18,3267.939941,3245.340088
8/14/18,3243.27002,3242.870117
8/15/18,3240.929932,3234.120117
8/16/18,3220.850098,3211.929932
8/17/18,3233.879883,3209.439941
8/20/18,3211.080078,3204.709961
8/21/18,3194.179932,3199.889893
8/23/18,3230.189941,3249.889893
8/24/18,3239.090088,3213
8/27/18,3223.409912,3225.620117
8/28/18,3244.26001,3247.550049
8/29/18,3251.01001,3243.919922
8/30/18,3247.139893,3225.719971
8/31/18,3200.370117,3213.47998
9/3/18,3209.969971,3207.199951
9/4/18,3205.580078,3210.51001
9/5/18,3199.629883,3156.280029
9/6/18,3158.830078,3147.689941
9/7/18,3133.969971,3134.389893
9/10/18,3131.199951,3120.919922
9/11/18,3115.469971,3109.909912
9/12/18,3106.98999,3124.649902
9/13/18,3129.919922,3131.77002
9/14/18,3146.219971,3161.419922
9/17/18,3149.709961,3141.399902
9/18/18,3122.879883,3139.340088
9/19/18,3143.459961,3176.570068
9/20/18,3180.429932,3180.429932
9/21/18,3206.939941,3217.679932
9/24/18,3215.689941,3219.159912
9/25/18,3229.899902,3236.080078
9/26/18,3248.810059,3239.100098
9/27/18,3244.199951,3236.26001
9/28/18,3250.310059,3257.050049
10/1/18,3262.429932,3255.459961
10/2/18,3248.5,3242.649902
10/3/18,3257.310059,3267.399902
10/4/18,3246.969971,3231.590088
10/5/18,3224.350098,3209.790039
10/8/18,3198.23999,3181.449951
10/9/18,3180.600098,3166.600098
10/10/18,3169.330078,3131.47998
10/11/18,3074.77002,3047.389893
10/12/18,3055.169922,3069.169922
10/15/18,3067.800049,3045.969971
10/16/18,3053.23999,3034.310059
10/17/18,3077.860107,3071.100098
10/18/18,3064.060059,3069.669922
10/19/18,3046.870117,3062.51001
10/22/18,3057.310059,3078.060059
10/23/18,3057.649902,3031.389893
10/24/18,3044.330078,3032.080078
10/25/18,2992,3012.840088
10/26/18,3004.350098,2972.02002
10/29/18,2989.629883,2981.540039
10/30/18,2969.51001,2966.449951
10/31/18,2978.98999,3018.800049
11/1/18,3045.679932,3060.850098
11/2/18,3081.669922,3116.389893
11/5/18,3087.51001,3060.620117
11/7/18,3084.5,3065.360107
11/8/18,3089.040039,3093.23999
11/9/18,3078.379883,3077.969971
11/12/18,3060.300049,3068.149902
11/13/18,3027.909912,3053.600098
11/14/18,3049.310059,3043.189941
11/15/18,3042.699951,3054.530029
11/16/18,3069.340088,3083.600098
11/19/18,3084.340088,3065.070068
11/20/18,3035.090088,3026.98999
11/21/18,3010.090088,3038.649902
11/22/18,3052.800049,3041.379883
11/23/18,3037.679932,3052.48999
11/26/18,3057.280029,3093.379883
11/27/18,3085.73999,3090.399902
11/28/18,3101.100098,3094.47998
11/29/18,3123.800049,3109.439941
11/30/18,3117.909912,3117.610107
12/3/18,3154.219971,3190.620117
12/4/18,3189.530029,3167.790039
12/5/18,3132.639893,3155.919922
12/6/18,3133.800049,3115.52002
12/7/18,3149.5,3111.120117
12/10/18,3087.280029,3072.439941
12/11/18,3062.439941,3059.280029
12/12/18,3075.620117,3099.98999
12/13/18,3104.070068,3111.080078
12/14/18,3087.459961,3077.090088
12/17/18,3091.780029,3114.25
12/18/18,3077.889893,3045.540039
12/19/18,3045.909912,3058.649902
12/20/18,3041.919922,3050.620117
12/21/18,3031.189941,3046.040039
12/24/18,3026.860107,3051.060059
12/26/18,3001.530029,3011.149902
12/27/18,3055.429932,3044.73999
12/28/18,3049.629883,3053.429932
12/31/18,3064.090088,3068.76001
1/2/19,3072.98999,3038.889893
1/3/19,3022.27002,3012.879883
1/4/19,2994.02002,3059.22998
1/7/19,3101.26001,3102.800049
1/8/19,3108.379883,3122.939941
1/9/19,3141.97998,3158.070068
1/10/19,3154.649902,3183.51001
1/11/19,3198.76001,3198.649902
1/14/19,3205.149902,3173.459961
1/15/19,3191.350098,3212.300049
1/16/19,3220.22998,3229.110107
1/17/19,3231.550049,3214.439941
1/18/19,3221.429932,3224.340088
1/21/19,3233.719971,3220.560059
1/22/19,3218.949951,3192.709961
1/23/19,3185.689941,3171.110107
1/24/19,3174.590088,3190.72998
1/25/19,3196.679932,3202.25
1/28/19,3203.780029,3199.5
1/29/19,3191.860107,3187.689941
1/30/19,3188.429932,3174.379883
1/31/19,3187.72998,3190.169922
2/1/19,3194.219971,3188.679932
2/4/19,3192.360107,3184.560059
2/7/19,3211.929932,3200.639893
2/8/19,3177.909912,3202.040039
2/11/19,3176,3206.27002
2/12/19,3202.860107,3201.149902
2/13/19,3219.899902,3244.77002
2/14/19,3240.620117,3253.159912
2/15/19,3248.449951,3239.73999
2/18/19,3258.810059,3265.969971
2/19/19,3267.070068,3259.800049
2/20/19,3275.350098,3278.379883
2/21/19,3273.570068,3277.909912
2/22/19,3256.929932,3269.899902
2/25/19,3273.449951,3272.350098
2/26/19,3272.120117,3261.659912
2/27/19,3261.98999,3250.02002
2/28/19,3249.810059,3212.689941
3/1/19,3210.840088,3220.399902
3/4/19,3224.689941,3251.080078
3/5/19,3241.01001,3234.070068
3/6/19,3235.419922,3222.840088
3/7/19,3224.429932,3229.47998
3/8/19,3204.399902,3195.870117
3/11/19,3187.75,3191.419922
3/12/19,3211.699951,3212.25
3/13/19,3209.050049,3195.590088
3/14/19,3188.360107,3197.919922
3/15/19,3198.300049,3200.179932
3/18/19,3210.48999,3212.959961
3/19/19,3214.790039,3220.919922
3/20/19,3213.97998,3207.659912
3/21/19,3214.600098,3213.649902
3/22/19,3218.52002,3212.100098
3/25/19,3170.5,3182.919922
3/26/19,3195.469971,3200.280029
3/27/19,3195.689941,3198.389893
3/28/19,3196.830078,3203.580078
3/29/19,3223.560059,3212.879883
4/1/19,3229.110107,3250.51001
4/2/19,3269.550049,3279.780029
4/3/19,3299.26001,3311.27002
4/4/19,3312.060059,3316.209961
4/5/19,3317.110107,3322.639893
4/8/19,3326.350098,3315.419922
4/9/19,3317.649902,3325.600098
4/10/19,3317.580078,3327.649902
4/11/19,3330.51001,3330.820068
4/12/19,3330.639893,3331.97998
4/15/19,3341.75,3325.860107
4/16/19,3326.780029,3332.040039
4/17/19,3334.840088,3348.639893
4/18/19,3352.360107,3347.580078
4/22/19,3358.540039,3357.699951
4/23/19,3353.719971,3353.469971
4/24/19,3359.129883,3362.429932
4/25/19,3349.350098,3350.280029
4/26/19,3344.139893,3356.949951
4/29/19,3368.659912,3407.02002
4/30/19,3411.850098,3400.199951
5/2/19,3389.52002,3393.330078
5/3/19,3384.379883,3392.290039
5/6/19,3329.320068,3290.620117
5/7/19,3299.959961,3312.52002
5/8/19,3286.320068,3283.840088
5/9/19,3263.409912,3269.699951
5/10/19,3281.02002,3273.5
5/13/19,3258.939941,3234.280029
5/14/19,3205.5,3223.709961
5/15/19,3218.51001,3218.77002
5/16/19,3212.639893,3230.26001
5/17/19,3231.449951,3205.459961
5/21/19,3198.72998,3183.26001
5/22/19,3179.439941,3183.139893
5/23/19,3172.459961,3160.719971
5/24/19,3152.080078,3169.889893
5/27/19,3168.469971,3170.77002
5/28/19,3171.139893,3165.320068
5/29/19,3151.889893,3163.280029
5/30/19,3147.77002,3143
5/31/19,3114.550049,3117.76001
6/3/19,3111.51001,3123.459961
6/4/19,3129.76001,3142.370117
6/6/19,3144.429932,3146.179932
6/7/19,3145.929932,3166.290039
6/10/19,3174.879883,3188.110107
6/11/19,3193.300049,3209.580078
6/12/19,3209.26001,3207.73999
6/13/19,3203.179932,3220.659912
6/14/19,3214.679932,3222.629883
6/17/19,3210.25,3207.98999
6/18/19,3212.540039,3238.72998
6/19/19,3275.429932,3288.169922
6/20/19,3292.969971,3314.51001
6/21/19,3314.280029,3321.399902
6/24/19,3308.709961,3311.530029
6/25/19,3317,3304.27002
6/26/19,3298.350098,3301.25
6/27/19,3302.050049,3328.600098
6/28/19,3336.080078,3321.610107
7/1/19,3339.580078,3372.26001
7/2/19,3373.719971,3370.800049
7/3/19,3365.350098,3367.800049
7/4/19,3370.27002,3372.25
7/5/19,3376.929932,3366.810059
7/8/19,3356.050049,3334.22998
7/9/19,3337.959961,3329.459961
7/10/19,3339.459961,3340.419922
7/11/19,3353.810059,3350.449951
7/12/19,3354.780029,3357.340088
7/15/19,3355.149902,3347.949951
7/16/19,3349.219971,3360.030029
7/17/19,3354.830078,3364.870117
7/18/19,3349.72998,3361.050049
7/19/19,3368.389893,3377.959961
7/22/19,3369.76001,3357.219971
7/23/19,3360.179932,3373.129883
7/24/19,3378.360107,3368.439941
7/25/19,3373.72998,3381.26001
7/26/19,3363.560059,3363.76001
7/29/19,3362.169922,3346.389893
7/30/19,3342.570068,3350.540039
7/31/19,3359.919922,3300.75
8/1/19,3282.790039,3291.75
8/2/19,3271.399902,3261.110107
8/5/19,3244.600098,3194.51001
8/6/19,3160.26001,3170.469971
8/7/19,3171.570068,3184.689941
8/8/19,3170.540039,3168.939941
8/13/19,3143.209961,3146.72998
8/14/19,3170.850098,3147.600098
8/15/19,3095.850098,3126.090088
8/16/19,3109.159912,3115.030029
8/19/19,3114.129883,3128.449951
8/20/19,3124.040039,3135.949951
8/21/19,3128.679932,3122.570068
8/22/19,3126.790039,3127.73999
8/23/19,3128.22998,3110.350098
8/26/19,3066.48999,3065.330078
8/27/19,3064.780029,3067.52002
8/28/19,3066.310059,3056.469971
8/29/19,3058.709961,3081.830078
8/30/19,3100.52002,3106.52002
9/2/19,3092.25,3082.959961
9/3/19,3078.560059,3090.629883
9/4/19,3085.030029,3130.570068
9/5/19,3150.449951,3147.060059
9/6/19,3163.25,3144.47998
9/9/19,3147.679932,3146.330078
9/10/19,3155.679932,3155.709961
9/11/19,3172.280029,3204.52002
9/12/19,3214.139893,3194.959961
9/13/19,3201.659912,3211.48999
9/16/19,3207.939941,3203.929932
9/17/19,3206.320068,3183
9/18/19,3187.340088,3166.840088
9/19/19,3178.929932,3158.800049
9/20/19,3167.76001,3159.679932
9/23/19,3155.77002,3143.23999
9/24/19,3161.98999,3155.459961
9/25/19,3140.48999,3125.820068
9/26/19,3130.5,3125.810059
9/27/19,3126.330078,3125.629883
9/30/19,3100.820068,3119.98999
10/1/19,3130.110107,3146.030029
10/2/19,3122.340088,3103.449951
10/3/19,3076.080078,3087.969971
10/4/19,3089.27002,3078.360107
10/7/19,3082.659912,3099.47998
10/8/19,3107.100098,3110.850098
10/9/19,3097.959961,3089.899902
10/10/19,3076.080078,3089.47998
10/11/19,3104.370117,3113.969971
10/14/19,3129.550049,3124.449951
10/15/19,3126.429932,3116.169922
10/16/19,3131.100098,3134.709961
10/17/19,3138.129883,3126.139893
10/18/19,3128.860107,3114.159912
10/21/19,3113.709961,3139.149902
10/22/19,3153.48999,3160.669922
10/23/19,3160.820068,3144.280029
10/24/19,3156.26001,3168.870117
10/25/19,3174.879883,3185.530029
10/29/19,3211.22998,3197.040039
10/30/19,3203.51001,3207.919922
10/31/19,3217.600098,3229.879883
11/1/19,3227.600098,3229.429932
11/4/19,3237.850098,3236.399902
11/5/19,3242.909912,3248.629883
11/6/19,3252.610107,3262.689941
11/7/19,3261.850098,3285.719971
11/8/19,3273.610107,3264.300049
11/11/19,3259.48999,3240.649902
11/12/19,3251.22998,3267.800049
11/13/19,3258.850098,3239.219971
11/14/19,3236.370117,3231.850098
11/15/19,3238.600098,3238.860107
11/18/19,3231.889893,3258.659912
11/19/19,3239.550049,3238.870117
11/20/19,3231,3229.780029
11/21/19,3201.050049,3192.209961
11/22/19,3199.899902,3225.649902
11/25/19,3241.689941,3220.629883
11/26/19,3226.389893,3207.850098
11/27/19,3213.189941,3215.530029
11/28/19,3209.850098,3200.610107
11/29/19,3199.25,3193.919922
12/2/19,3198.27002,3187.969971
12/3/19,3174.98999,3173.080078
12/4/19,3152.800049,3159.790039
12/5/19,3170.850098,3174.189941
12/6/19,3179.97998,3194.709961
12/9/19,3195.969971,3179.820068
12/10/19,3182.590088,3162.889893
12/11/19,3160.199951,3172.899902
12/12/19,3188.98999,3194.669922
12/13/19,3211.139893,3214.050049
12/16/19,3213.610107,3206.090088
12/17/19,3205.909912,3200.800049
12/18/19,3195.070068,3209.540039
12/19/19,3205.090088,3207.419922
12/20/19,3217.030029,3212.389893
12/23/19,3216.459961,3214
12/24/19,3218.209961,3221.669922
12/26/19,3221.830078,3222.98999
12/27/19,3226.919922,3226.530029
12/30/19,3228.040039,3222.439941
12/31/19,3201.310059,3222.830078
1/2/20,3230.47998,3252
1/3/20,3260.27002,3238.820068
1/6/20,3221.560059,3218.860107
1/7/20,3236.22998,3247.860107
1/8/20,3211.280029,3245.889893
1/9/20,3262.719971,3247.47998
1/10/20,3252.659912,3255.949951
1/13/20,3259.439941,3251.070068
1/14/20,3262.080078,3270.540039
1/15/20,3266.540039,3256.97998
1/16/20,3256.830078,3278
1/17/20,3282.850098,3281.030029
1/20/20,3280.949951,3280.090088
1/21/20,3271.560059,3247.169922
1/22/20,3242.600098,3253.929932
1/23/20,3251.840088,3234.560059
1/24/20,3235.360107,3240.02002
1/28/20,3172.72998,3181.25
1/29/20,3181.189941,3182.570068
1/30/20,3183.199951,3170.679932
1/31/20,3173.389893,3153.72998
2/3/20,3131.02002,3116.310059
2/4/20,3135.5,3156.570068
2/5/20,3163.669922,3200.129883
2/6/20,3215.370117,3231.550049
2/7/20,3214.179932,3181.47998
2/10/20,3142.469971,3163.149902
2/11/20,3168.149902,3175.570068
2/12/20,3182.379883,3223.370117
2/13/20,3230.280029,3220.090088
2/14/20,3216.360107,3220.030029
2/17/20,3220.659912,3213
2/18/20,3203.379883,3196.629883
2/19/20,3199.219971,3213.709961
2/20/20,3217.540039,3198.679932
2/21/20,3189.189941,3181.030029
2/24/20,3159.639893,3142.199951
2/25/20,3145.01001,3158.23999
2/26/20,3131.639893,3117.52002
2/27/20,3110.22998,3111.699951
2/28/20,3043.669922,3011.080078
3/2/20,2988.350098,3007.719971
3/3/20,3032.350098,3019.560059
3/4/20,3015.199951,3025.030029
3/5/20,3037.070068,3018.27002
3/6/20,2999.22998,2960.97998
3/9/20,2891.590088,2782.370117
3/10/20,2766.189941,2832.540039
3/12/20,2751.679932,2678.639893
3/16/20,2557.800049,2495.77002
3/17/20,2469.72998,2454.530029
3/18/20,2472.530029,2425.620117
3/19/20,2415.360107,2311
3/20/20,2314.780029,2410.73999
3/23/20,2274.379883,2233.47998
3/24/20,2292.570068,2362.050049
3/25/20,2429.570068,2505.469971
3/26/20,2519.300049,2487.560059
3/27/20,2545.639893,2528.76001
3/30/20,2479.97998,2416.23999
3/31/20,2454.169922,2481.22998
4/1/20,2468.169922,2440.27002
4/2/20,2402.429932,2453.030029
4/3/20,2451.469971,2389.290039
4/6/20,2429.580078,2470.590088
4/7/20,2506.25,2571.889893
4/8/20,2528.310059,2539.439941
4/9/20,2564.840088,2571.320068
4/13/20,2561.409912,2567.25
4/14/20,2570.72998,2634.570068
4/15/20,2646.909912,2605.560059
4/16/20,2581.449951,2612.25
4/17/20,2661.280029,2614.600098
4/20/20,2622.669922,2597.850098
4/21/20,2591.97998,2551.919922
4/22/20,2530.969971,2550.040039
4/23/20,2549.870117,2542.370117
4/24/20,2530.030029,2518.159912
4/27/20,2525.600098,2549.399902
4/28/20,2559.870117,2562.949951
4/29/20,2561.070068,2574.72998
4/30/20,2600.01001,2624.22998
5/4/20,2555.669922,2563.689941
5/5/20,2579.100098,2572.360107
5/6/20,2566.689941,2591.600098
5/8/20,2600.379883,2591.879883
5/11/20,2597.850098,2611.310059
5/12/20,2582.550049,2587.810059
5/13/20,2573.709961,2572.01001
5/14/20,2546.639893,2522.310059
5/15/20,2535.98999,2523.550049
5/18/20,2526.969971,2539.280029
5/19/20,2583.540039,2581.330078
5/20/20,2583.370117,2561.939941
5/21/20,2579.52002,2555.340088
5/22/20,2533.040039,2499.830078
5/26/20,2517.330078,2530.300049
5/27/20,2527.330078,2519.47998
5/28/20,2526.709961,2515.23999
5/29/20,2494.310059,2510.75
6/1/20,2519.419922,2550.860107
6/2/20,2565.290039,2611.629883
6/3/20,2637.409912,2700.389893
6/4/20,2733.570068,2707.199951
6/5/20,2714.550049,2751.5
6/8/20,2775.679932,2796.969971
6/9/20,2810.439941,2794.169922
6/10/20,2805.810059,2800.570068
6/11/20,2785.189941,2704.209961
6/12/20,2629.699951,2684.629883
6/15/20,2652.800049,2613.879883
6/16/20,2664.600098,2666.850098
6/17/20,2677.98999,2669.620117
6/18/20,2651.040039,2665.659912
6/19/20,2656.360107,2634.830078
6/22/20,2638.149902,2629.689941
6/23/20,2635.689941,2634.919922
6/24/20,2644.449951,2628.620117
6/25/20,2604.030029,2590.149902
6/26/20,2603.429932,2604.51001
6/29/20,2589.73999,2574.100098
6/30/20,2595.27002,2589.909912
7/1/20,2604.080078,2610.169922
7/2/20,2607.48999,2636.689941
7/3/20,2648.639893,2652.939941
7/6/20,2662.409912,2689.610107
7/7/20,2705.100098,2661.419922
7/8/20,2665.51001,2669.48999
7/9/20,2678.919922,2652.649902
7/13/20,2669.97998,2631.080078
7/14/20,2617.97998,2620.189941
7/15/20,2643.76001,2648.899902
7/16/20,2651.929932,2623.669922
7/17/20,2635.800049,2618.47998
7/20/20,2618.01001,2616.300049
7/21/20,2629.330078,2629.449951
7/22/20,2622.02002,2594.530029
7/23/20,2596.879883,2612.350098
7/24/20,2603.639893,2579.51001
7/27/20,2589.949951,2575.790039
7/28/20,2587.810059,2582.969971
7/29/20,2581.47998,2573.449951
7/30/20,2581.659912,2529.820068
8/3/20,2522.530029,2484.909912
8/4/20,2495.129883,2515.699951
8/5/20,2527.310059,2532.689941
8/6/20,2551.030029,2559.100098
8/7/20,2558.300049,2545.51001
8/11/20,2547.52002,2544.149902
8/12/20,2530.75,2563.199951
8/13/20,2574.800049,2595.969971
8/14/20,2584.5,2581.320068
8/17/20,2580.560059,2571.550049
8/18/20,2574.820068,2563.090088
8/19/20,2556.959961,2561.040039
8/20/20,2537.110107,2527.919922
8/21/20,2544.649902,2528.540039
8/24/20,2535.689941,2538.610107
8/25/20,2544.610107,2559.030029
8/26/20,2548.280029,2542.080078
8/27/20,2539.97998,2519.810059
8/28/20,2547.709961,2539.629883
8/31/20,2557.439941,2532.51001
9/1/20,2521.810059,2538.550049
9/2/20,2540.649902,2539.939941
9/3/20,2546.01001,2531.790039
9/4/20,2494.419922,2509.639893
9/7/20,2506.179932,2511.209961
9/8/20,2515.26001,2504.76001
9/9/20,2488.120117,2499.330078
9/10/20,2507.639893,2492.090088
9/11/20,2481.080078,2490.090088
9/14/20,2489.679932,2482.550049
9/15/20,2486.699951,2485.830078
9/16/20,2492.469971,2505.149902
9/17/20,2503.540039,2500.780029
9/18/20,2504.939941,2497.709961
9/21/20,2499.389893,2485.709961
9/22/20,2479.169922,2463.290039
9/23/20,2463.949951,2481.139893
9/24/20,2467.149902,2450.820068
9/25/20,2458.379883,2472.280029
9/28/20,2473.209961,2483.01001
9/29/20,2496.77002,2471.610107
9/30/20,2482.48999,2466.620117
10/1/20,2479.290039,2500.73999
10/2/20,2500.340088,2496.110107
10/5/20,2512.909912,2517.22998
10/6/20,2525.699951,2529.26001
10/7/20,2523.189941,2538.360107
10/8/20,2545.419922,2543.110107
10/9/20,2547.939941,2532.959961
10/12/20,2537.129883,2552.419922
10/13/20,2556.399902,2567.649902
10/14/20,2562.439941,2555.590088
10/15/20,2543.340088,2523.620117
10/16/20,2530.379883,2533.02002
10/19/20,2540.550049,2543.570068
10/20/20,2542.080078,2528.639893
10/21/20,2536.72998,2525.610107
10/22/20,2518.75,2528.409912
10/23/20,2537.050049,2537.389893
10/26/20,2540.860107,2523.310059
10/27/20,2515.330078,2512.870117
10/28/20,2504.280029,2483.47998
10/29/20,2471.100098,2450.679932
10/30/20,2439.780029,2423.840088
11/2/20,2428.97998,2443.129883
11/3/20,2453.290039,2497.219971
11/4/20,2502.179932,2515.97998
11/5/20,2543.909912,2588.620117
11/6/20,2591.959961,2578.679932
11/9/20,2600.959961,2609.360107
11/10/20,2672.97998,2705
11/11/20,2698.689941,2713.280029
11/12/20,2710.709961,2711.899902
11/13/20,2700.719971,2711.389893
11/16/20,2731.560059,2748
11/17/20,2764.129883,2778.550049
11/18/20,2774.780029,2788.590088
11/19/20,2782.219971,2777
11/20/20,2780.77002,2813.01001
11/23/20,2828.320068,2848.780029
11/24/20,2866.120117,2891.629883
11/25/20,2903.159912,2869.550049
11/26/20,2856.370117,2857.47998
11/27/20,2846.949951,2855.820068
11/30/20,2869.889893,2805.949951
12/1/20,2802.939941,2814.120117
12/2/20,2805.5,2810.949951
12/3/20,2809.73999,2822.340088
12/4/20,2825.560059,2839.889893
12/7/20,2842.580078,2825.51001
12/8/20,2820.98999,2825.629883
12/9/20,2825.719971,2843.070068
12/10/20,2833.169922,2824.959961
12/11/20,2836.879883,2821.699951
12/14/20,2836.300049,2858.139893
12/15/20,2863.100098,2856.719971
12/16/20,2866.120117,2872.800049
12/17/20,2866.969971,2858.02002
12/18/20,2858.449951,2848.97998
12/21/20,2847.189941,2846.52002
12/22/20,2842.449951,2827.320068
12/23/20,2817.870117,2833.399902
12/28/20,2845.850098,2840.139893
12/29/20,2848.649902,2848.139893
12/30/20,2855.060059,2869.219971
1/4/21,2846.199951,2858.899902
1/5/21,2842.060059,2859.679932
1/6/21,2858.530029,2863.01001
1/7/21,2892.330078,2906.969971
1/8/21,2935.179932,2993.189941
1/11/21,2983.5,2983.899902
1/12/21,2975.149902,2977.169922
1/13/21,2982.159912,2977.51001
1/14/21,2982,3000
1/15/21,2995.850098,3004.870117
1/18/21,2995.72998,2990.399902
1/19/21,2996.639893,2995.919922
1/20/21,2995.699951,2998.77002
1/21/21,3004.159912,3017.149902
1/22/21,3009.02002,2991.530029
1/25/21,2998.040039,2973.649902
1/26/21,2967.629883,2945.52002
1/27/21,2952.469971,2958.629883
1/28/21,2924.47998,2920.300049
1/29/21,2941.580078,2902.52002
2/1/21,2888.75,2896.320068
2/2/21,2906.199951,2917.290039
2/3/21,2932.719971,2927.469971
2/4/21,2933.080078,2905.580078
2/5/21,2916.060059,2907.110107
2/8/21,2909.800049,2931.399902
2/9/21,2946.199951,2935.27002
2/10/21,2936.100098,2925.840088
2/11/21,2915.97998,2925.47998
2/15/21,2929.939941,2931.52002
2/16/21,2935.580078,2935.340088
2/17/21,2913.810059,2920.429932
2/18/21,2917.929932,2908.850098
2/19/21,2896.909912,2880.639893
2/22/21,2888.290039,2881.209961
2/23/21,2879.639893,2890.699951
2/24/21,2897.719971,2924.580078
2/25/21,2951.030029,2973.540039
2/26/21,2923.22998,2949.040039
3/1/21,2948.689941,2973
3/2/21,2989.800049,2973.870117
3/3/21,2991.120117,3000.370117
3/4/21,2987.659912,3014.780029
3/5/21,3005.899902,3013.850098
3/8/21,3075.159912,3071.159912
3/9/21,3091.790039,3108.530029
3/10/21,3106.939941,3079.719971
3/11/21,3086.73999,3106.01001
3/12/21,3112.570068,3095.219971
3/15/21,3109.320068,3106
3/16/21,3111.810059,3105.51001
3/17/21,3102.780029,3109.649902
3/18/21,3132.100098,3137.659912
3/19/21,3131.73999,3134.540039
3/22/21,3130.689941,3128.080078
3/23/21,3124.409912,3131.73999
3/24/21,3127.120117,3133.310059
3/25/21,3120.580078,3141.709961
3/26/21,3152.290039,3157.949951
3/29/21,3165.97998,3175.570068
3/30/21,3201.629883,3190.889893
3/31/21,3200.350098,3165.340088
4/1/21,3187.169922,3181.679932
4/5/21,3205.909912,3209.73999
4/6/21,3219.679932,3207.629883
4/7/21,3215.219971,3195.76001
4/8/21,3198.820068,3186.399902
4/9/21,3189.800049,3184.540039
4/12/21,3175.72998,3173.929932
4/13/21,3176.48999,3187.899902
4/14/21,3188.409912,3179.389893
4/15/21,3189.159912,3184.77002
4/16/21,3184.649902,3201.76001
4/19/21,3204.139893,3209.719971
4/20/21,3207.98999,3192.169922
4/21/21,3163.47998,3155.060059
4/22/21,3171.780029,3187.780029
4/23/21,3172.679932,3194.040039
4/26/21,3187.719971,3204.899902
4/27/21,3203.659912,3214.429932
4/28/21,3206.610107,3219.560059
4/29/21,3226.919922,3221.580078
4/30/21,3218.899902,3218.27002